0.0,0.0,0.3884481940875172,0.0,0.0,0.41250332793836464,0.0,0.0,1.0
0.0,1.0,0.006795020065694254,0.125,0.2222222222222222,0.29580589980036276,0.0,0.0,1.0
0.0,0.0,0.021517110540027425,0.125,0.2222222222222222,0.29580589980036276,0.0,0.0,1.0
0.0,1.0,0.40203823421890567,0.125,0.2222222222222222,0.29580589980036276,0.0,0.0,1.0
0.0,0.0,0.33408803356196315,0.125,0.2222222222222222,0.29580589980036276,0.0,0.0,1.0
0.0,1.0,0.6466589565838988,0.0,0.0,0.051822148727810165,0.0,0.0,1.0
0.0,0.0,0.8505095585547264,0.125,0.0,0.15216446768991498,0.0,0.0,1.0
0.0,1.0,0.5243485954014022,0.0,0.0,0.0,0.0,0.0,1.0
0.0,0.0,0.7146091572408414,0.25,0.0,0.10048070654571319,0.0,0.0,1.0
0.0,1.0,0.9592298796058345,0.0,0.0,0.09662576327876685,1.0,0.0,0.0
0.0,1.0,0.6330689164525103,0.125,0.0,0.4440992237022602,1.0,0.0,0.0
0.0,0.0,0.3204979934305746,0.0,0.0,0.13526459159462315,1.0,0.0,0.0
0.0,0.0,0.34767807369335163,0.0,0.0,0.15390495017656614,0.0,0.0,1.0
0.0,1.0,0.3981201275259929,0.0,0.0,0.050602229972447406,0.0,0.0,1.0
0.0,1.0,0.3204979934305746,0.0,0.1111111111111111,0.4831284260198326,1.0,0.0,0.0
0.0,0.0,0.6738390368466759,0.0,0.1111111111111111,0.4831284260198326,1.0,0.0,0.0
0.0,1.0,0.4835784750072367,0.0,0.0,0.1468620176246054,1.0,0.0,0.0
0.0,1.0,0.49716851513862526,0.125,0.1111111111111111,0.10257896680493714,0.0,0.0,1.0
0.0,0.0,0.6330689164525103,0.125,0.1111111111111111,0.10257896680493714,0.0,0.0,1.0
0.0,1.0,0.34767807369335163,0.0,0.0,0.05855610025741262,1.0,0.0,0.0
0.0,0.0,0.5651187157955678,0.0,0.0,0.4440992237022602,1.0,0.0,0.0
0.0,0.0,0.3884481940875172,0.0,0.0,0.4328841690069588,0.0,0.0,1.0
0.0,1.0,0.33408803356196315,0.0,0.0,0.050748620223090936,1.0,0.0,0.0
0.0,1.0,0.33408803356196315,0.125,0.0,0.17777475888549785,1.0,0.0,0.0
0.0,0.0,0.25254779277363204,0.125,0.0,0.17777475888549785,1.0,0.0,0.0
0.0,0.0,0.4699884348758482,0.0,0.0,0.2647385704347907,0.0,0.0,1.0
0.0,1.0,0.37485815395612865,0.0,0.0,0.051822148727810165,0.0,0.0,1.0
0.0,1.0,0.5379386355327908,0.0,0.0,0.060507970265993034,1.0,0.0,0.0
0.0,0.0,0.782559357897784,0.0,0.0,0.051822148727810165,0.0,0.0,1.0
0.0,1.0,0.5651187157955678,0.0,0.0,0.051822148727810165,0.0,0.0,1.0
0.0,0.0,0.6058888361897333,0.0,0.0,0.5121218935012878,1.0,0.0,0.0
0.0,0.0,0.2933179131677976,0.0,0.1111111111111111,0.10735285047192313,0.0,0.0,1.0
0.0,1.0,0.5515286756641793,0.0,0.0,0.05953203526170282,0.0,0.0,1.0
0.0,1.0,0.6466589565838988,0.0,0.0,0.09856123757927521,1.0,0.0,0.0
0.0,1.0,0.3981201275259929,0.0,0.0,0.07729405233978466,1.0,0.0,0.0
0.0,0.0,0.7961493980291724,0.25,0.0,0.10048070654571319,0.0,0.0,1.0
0.0,0.0,0.5515286756641793,0.0,0.0,0.2625265161540666,1.0,0.0,0.0
0.0,1.0,0.6058888361897333,0.0,0.0,0.051822148727810165,0.0,0.0,1.0
0.0,1.0,0.3981201275259929,0.0,0.0,0.060507970265993034,0.0,0.0,1.0
0.0,0.0,0.7146091572408414,0.0,0.0,0.0535706338814965,1.0,0.0,0.0
0.0,1.0,0.4835784750072367,0.0,0.1111111111111111,1.0,1.0,0.0,0.0
0.0,0.0,0.782559357897784,0.0,0.1111111111111111,1.0,1.0,0.0,0.0
0.0,1.0,0.4428083546130712,0.0,0.0,0.009759350042902102,0.0,0.0,1.0
0.0,1.0,0.22536771251085505,0.0,0.0,0.09193307740413781,0.0,0.0,1.0
0.0,1.0,0.143827471722524,0.125,0.2222222222222222,0.23422440102965048,0.0,0.0,1.0
0.0,0.0,0.4835784750072367,0.125,0.2222222222222222,0.23422440102965048,0.0,0.0,1.0
0.0,0.0,0.3981201275259929,0.0,0.0,0.05410739813385612,1.0,0.0,0.0
0.0,1.0,0.4835784750072367,0.125,0.0,0.15390495017656614,0.0,0.0,1.0
0.0,1.0,0.6194788763211218,0.125,0.0,0.11940564777490723,0.0,0.0,1.0
0.0,0.0,0.6330689164525103,0.125,0.0,0.11940564777490723,0.0,0.0,1.0
0.0,1.0,0.3612681138247401,0.125,0.0,0.10364429745562033,0.0,0.0,1.0
0.0,0.0,0.4428083546130712,0.125,0.0,0.10364429745562033,0.0,0.0,1.0
0.0,0.0,0.4835784750072367,0.0,0.0,0.5121218935012878,1.0,0.0,0.0
0.0,0.0,0.40203823421890567,0.0,0.0,0.16883675574220638,0.0,0.0,1.0
0.0,1.0,0.6058888361897333,0.0,0.0,0.057970539254838485,1.0,0.0,0.0
0.0,0.0,0.3981201275259929,0.0,0.1111111111111111,0.10735285047192313,0.0,0.0,1.0
0.0,1.0,0.3981201275259929,0.0,0.0,0.0,0.0,0.0,1.0
0.0,1.0,0.3612681138247401,0.125,0.0,0.26697521827762305,1.0,0.0,0.0
0.0,0.0,0.34767807369335163,0.125,0.0,0.26697521827762305,1.0,0.0,0.0
0.0,0.0,0.2933179131677976,0.0,0.0,0.29580589980036276,0.0,0.0,1.0
0.0,1.0,0.3981201275259929,0.0,0.0,0.10149724044618187,0.0,0.0,1.0
0.0,1.0,0.6330689164525103,0.0,0.0,0.04994347384455151,0.0,0.0,1.0
0.0,1.0,0.49716851513862526,0.125,0.1111111111111111,0.16231419173453318,1.0,0.0,0.0
0.0,0.0,0.7417892375036184,0.25,0.0,0.05016305922051681,0.0,0.0,1.0
0.0,1.0,0.3981201275259929,0.0,0.0,0.051822148727810165,0.0,0.0,1.0
0.0,1.0,0.945639839474446,0.125,0.1111111111111111,0.13858277060920987,0.0,0.0,1.0
0.0,0.0,0.4835784750072367,0.0,0.2222222222222222,0.13858277060920987,0.0,0.0,1.0
0.0,0.0,0.864099598686115,0.125,0.1111111111111111,0.051822148727810165,0.0,0.0,1.0
0.0,1.0,0.5243485954014022,0.125,0.0,0.13913573538264068,1.0,0.0,0.0
0.0,0.0,0.5107585552700137,0.125,0.0,0.13913573538264068,1.0,0.0,0.0
0.0,1.0,0.6874290769780643,0.0,0.0,0.051822148727810165,0.0,0.0,1.0
0.0,1.0,0.3612681138247401,0.0,0.0,0.05953203526170282,0.0,0.0,1.0
0.0,0.0,0.4428083546130712,0.0,0.0,0.29580589980036276,0.0,0.0,1.0
0.0,1.0,0.41562827435029415,0.125,0.0,0.10149724044618187,0.0,0.0,1.0
0.0,0.0,0.3612681138247401,0.125,0.2222222222222222,0.10149724044618187,0.0,0.0,1.0
0.0,1.0,0.41562827435029415,0.125,0.0,0.11125659048908397,0.0,0.0,1.0
0.0,0.0,0.22536771251085505,0.125,0.0,0.11125659048908397,0.0,0.0,1.0
0.0,1.0,0.04869719080280444,0.0,0.2222222222222222,0.15977676072337862,0.0,0.0,1.0
0.0,0.0,0.7281991973722298,0.125,0.1111111111111111,0.15977676072337862,0.0,0.0,1.0
0.0,0.0,0.3612681138247401,0.125,0.1111111111111111,0.4831284260198326,1.0,0.0,0.0
0.0,0.0,0.6466589565838988,0.125,0.0,0.20772776566317125,1.0,0.0,0.0
0.0,0.0,0.6466589565838988,0.125,0.0,0.07729405233978466,1.0,0.0,0.0
0.0,1.0,0.6602489967152874,0.125,0.0,0.11111839809247648,1.0,0.0,0.0
0.0,0.0,0.3069079532991861,0.0,0.1111111111111111,0.16231419173453318,1.0,0.0,0.0
0.0,0.0,0.5107585552700137,0.0,0.0,0.4440992237022602,1.0,0.0,0.0
0.0,0.0,0.7281991973722298,0.125,0.0,0.1527664244005612,1.0,0.0,0.0
0.0,0.0,0.4835784750072367,0.0,0.0,0.06183368037582086,1.0,0.0,0.0
0.0,1.0,0.3981201275259929,0.0,0.0,0.4328841690069588,0.0,0.0,1.0
0.0,0.0,0.3981201275259929,0.0,0.0,0.06184168304285603,0.0,0.0,1.0
0.0,0.0,0.3981201275259929,0.0,0.0,0.21642978772242535,1.0,0.0,0.0
0.0,1.0,0.4835784750072367,0.0,0.0,0.051504969851415845,0.0,0.0,1.0
0.0,1.0,0.40203823421890567,0.0,0.0,0.05416439273810667,1.0,0.0,0.0
0.0,0.0,0.3204979934305746,0.375,0.2222222222222222,0.5133418122566507,0.0,0.0,1.0
0.0,0.0,0.37485815395612865,0.375,0.2222222222222222,0.5133418122566507,0.0,0.0,1.0
0.0,0.0,0.3069079532991861,0.375,0.2222222222222222,0.5133418122566507,0.0,0.0,1.0
0.0,1.0,0.25254779277363204,0.375,0.2222222222222222,0.5133418122566507,0.0,0.0,1.0
0.0,1.0,0.864099598686115,0.125,0.4444444444444444,0.5133418122566507,0.0,0.0,1.0
0.0,0.0,0.8097394381605609,0.125,0.4444444444444444,0.5133418122566507,0.0,0.0,1.0
0.0,0.0,0.40203823421890567,0.0,0.0,0.11111839809247648,1.0,0.0,0.0
0.0,1.0,0.6738390368466759,0.25,0.0,0.2608674266467732,0.0,0.0,1.0
0.0,1.0,0.5787087559269563,0.125,0.0,0.05410739813385612,1.0,0.0,0.0
0.0,0.0,0.3981201275259929,0.125,0.0,0.2608674266467732,0.0,0.0,1.0
0.0,0.0,0.2933179131677976,0.0,0.2222222222222222,0.09661756542473082,1.0,0.0,0.0
0.0,1.0,0.8097394381605609,0.125,0.1111111111111111,0.15458810467956932,1.0,0.0,0.0
0.0,0.0,0.6466589565838988,0.125,0.1111111111111111,0.15458810467956932,1.0,0.0,0.0
0.0,1.0,0.3981201275259929,0.0,0.0,0.0,0.0,0.0,1.0
0.0,1.0,0.49716851513862526,0.125,0.0,0.10364429745562033,0.0,0.0,1.0
0.0,0.0,0.4699884348758482,0.125,0.0,0.10364429745562033,0.0,0.0,1.0
0.0,1.0,0.6330689164525103,0.0,0.0,0.07514699533034619,0.0,0.0,1.0
0.0,0.0,0.4699884348758482,0.0,0.0,0.41282050681475896,1.0,0.0,0.0
0.0,0.0,0.2933179131677976,0.0,0.1111111111111111,0.11594107850967697,1.0,0.0,0.0
0.0,0.0,0.6058888361897333,0.0,0.1111111111111111,0.11594107850967697,1.0,0.0,0.0
0.0,1.0,0.3204979934305746,0.0,0.0,0.15458810467956932,1.0,0.0,0.0
0.0,1.0,0.6602489967152874,0.125,0.0,0.17391981561855152,1.0,0.0,0.0
0.0,1.0,0.7146091572408414,0.0,0.0,0.055628295244541985,1.0,0.0,0.0
0.0,0.0,0.25254779277363204,0.0,0.0,0.05855610025741262,0.0,0.0,1.0
0.0,1.0,0.5107585552700137,0.0,0.1111111111111111,0.2995388511917728,0.0,0.0,1.0
0.0,1.0,0.3069079532991861,0.0,0.1111111111111111,0.12366716556464086,1.0,0.0,0.0
0.0,0.0,0.6058888361897333,0.0,0.1111111111111111,0.12366716556464086,1.0,0.0,0.0
0.0,1.0,0.6194788763211218,0.0,0.0,0.15458810467956932,1.0,0.0,0.0
0.0,0.0,0.33408803356196315,0.125,0.0,0.1082149914547131,1.0,0.0,0.0
0.0,1.0,0.6466589565838988,0.125,0.0,0.1497654242623688,1.0,0.0,0.0
0.0,0.0,0.6602489967152874,0.125,0.0,0.1497654242623688,1.0,0.0,0.0
0.0,1.0,0.3981201275259929,0.0,0.0,0.08275928836380983,0.0,0.0,1.0
0.0,1.0,0.6058888361897333,0.125,0.0,0.16293234896625058,0.0,0.0,1.0
0.0,0.0,0.4699884348758482,0.125,0.0,0.16293234896625058,0.0,0.0,1.0
0.0,1.0,0.5379386355327908,0.0,0.0,0.0,0.0,0.0,1.0
0.0,1.0,0.3612681138247401,0.0,0.0,0.1497654242623688,1.0,0.0,0.0
0.0,1.0,0.3981201275259929,0.0,0.0,0.05855610025741262,0.0,0.0,1.0
0.0,1.0,0.7417892375036184,0.125,0.1111111111111111,0.18249984580226933,0.0,0.0,1.0
0.0,1.0,0.5651187157955678,0.0,0.0,0.08295447536466788,0.0,0.0,1.0
0.0,1.0,0.3981201275259929,0.0,0.0,0.10122885832000206,0.0,0.0,1.0
0.0,1.0,0.7417892375036184,0.0,0.0,0.09759350042902103,0.0,0.0,1.0
0.0,0.0,0.21177767237946654,0.0,0.1111111111111111,0.11316786160148591,1.0,0.0,0.0
0.0,0.0,0.5922987960583448,0.0,0.1111111111111111,0.11316786160148591,1.0,0.0,0.0
0.0,0.0,0.6874290769780643,0.125,0.0,0.15216446768991498,0.0,0.0,1.0
0.0,1.0,0.5651187157955678,0.125,0.0,0.10149724044618187,0.0,0.0,1.0
0.0,0.0,0.4699884348758482,0.125,0.0,0.10149724044618187,0.0,0.0,1.0
0.0,1.0,0.4699884348758482,0.0,0.0,0.051822148727810165,1.0,0.0,0.0
0.0,1.0,0.5107585552700137,0.125,0.0,0.17566830077223786,0.0,0.0,1.0
0.0,1.0,0.3981201275259929,0.0,0.0,0.05991421140938287,1.0,0.0,0.0
0.0,0.0,0.4699884348758482,0.125,0.0,0.17566830077223786,0.0,0.0,1.0
0.0,0.0,0.6738390368466759,0.0,0.0,0.05604306762136532,1.0,0.0,0.0
0.0,1.0,0.6602489967152874,0.0,0.0,0.0,0.0,0.0,1.0
0.0,1.0,0.6738390368466759,0.0,0.0,0.050748620223090936,0.0,0.0,1.0
0.0,1.0,0.43601333454737695,0.0,0.0,0.41282050681475896,1.0,0.0,0.0
0.0,1.0,0.782559357897784,0.0,0.0,0.057970539254838485,1.0,0.0,0.0
0.0,1.0,0.5515286756641793,0.125,0.0,0.10122885832000206,0.0,0.0,1.0
0.0,0.0,0.3981201275259929,0.125,0.0,0.10122885832000206,0.0,0.0,1.0
0.0,1.0,0.5651187157955678,0.125,0.0,0.10257896680493714,0.0,0.0,1.0
0.0,0.0,0.6058888361897333,0.125,0.0,0.10257896680493714,0.0,0.0,1.0
0.0,1.0,0.3981201275259929,0.0,0.0,0.051822148727810165,0.0,0.0,1.0
0.0,0.0,0.5243485954014022,0.0,0.0,0.41250332793836464,0.0,0.0,1.0
0.0,0.0,0.40203823421890567,0.0,0.0,0.20772776566317125,1.0,0.0,0.0
0.0,1.0,0.4699884348758482,0.0,0.0,1.0,1.0,0.0,0.0
0.0,1.0,0.5651187157955678,0.0,0.0,0.051822148727810165,0.0,0.0,1.0
0.0,0.0,0.7417892375036184,0.0,0.0,0.05410739813385612,1.0,0.0,0.0
0.0,0.0,0.21177767237946654,0.0,0.1111111111111111,0.07690367833806856,0.0,0.0,1.0
0.0,0.0,0.6874290769780643,0.0,0.1111111111111111,0.07690367833806856,0.0,0.0,1.0
0.0,1.0,0.3884481940875172,0.0,0.0,0.05855610025741262,0.0,0.0,1.0
0.0,0.0,0.2797278730364091,0.0,0.0,0.15216446768991498,0.0,0.0,1.0
0.0,1.0,0.40203823421890567,0.0,0.0,0.08881008539040913,0.0,0.0,1.0
0.0,0.0,0.782559357897784,0.0,0.0,0.2859895551532101,1.0,0.0,0.0
0.0,0.0,0.19818763224807803,0.0,0.1111111111111111,0.41250332793836464,0.0,0.0,1.0
0.0,1.0,0.40203823421890567,0.0,0.0,0.050748620223090936,0.0,0.0,1.0
0.0,0.0,0.21177767237946654,0.0,0.0,0.16883675574220638,0.0,0.0,1.0
0.0,1.0,0.3981201275259929,0.0,0.0,0.057970539254838485,1.0,0.0,0.0
0.0,0.0,0.23895775264224356,0.125,0.0,0.10364429745562033,0.0,0.0,1.0
0.0,0.0,0.3204979934305746,0.0,0.0,0.09662576327876685,1.0,0.0,0.0
0.0,1.0,0.7281991973722298,0.0,0.0,0.10122885832000206,0.0,0.0,1.0
0.0,1.0,0.4835784750072367,0.0,0.0,0.05130978285055781,0.0,0.0,1.0
0.0,0.0,0.3981201275259929,0.125,0.0,0.16038672010106003,1.0,0.0,0.0
0.0,1.0,0.8776896388175035,0.0,0.0,0.051822148727810165,0.0,0.0,1.0
0.0,0.0,0.4428083546130712,0.125,0.0,0.17566830077223786,0.0,1.0,0.0
0.0,0.0,0.49716851513862526,0.125,0.0,0.17566830077223786,0.0,1.0,0.0
0.0,1.0,0.40203823421890567,0.125,0.0,0.11272049299551928,1.0,0.0,0.0
0.0,1.0,0.7417892375036184,0.0,0.0,0.05953203526170282,0.0,0.0,1.0
0.0,0.0,0.41562827435029415,0.125,0.0,0.22109807522194713,1.0,0.0,0.0
0.0,1.0,0.782559357897784,0.0,0.2222222222222222,0.22109807522194713,1.0,0.0,0.0
0.0,0.0,0.25254779277363204,0.0,0.2222222222222222,0.051301584996521765,0.0,0.0,1.0
0.0,1.0,0.864099598686115,0.0,0.0,0.050748620223090936,0.0,0.0,1.0
0.0,0.0,0.5243485954014022,0.0,0.0,0.2125586439344078,1.0,0.0,0.0
0.0,1.0,0.3981201275259929,0.0,0.0,0.05024445219987461,1.0,0.0,0.0
0.0,0.0,0.2933179131677976,0.0,0.1111111111111111,0.1209753416358076,1.0,0.0,0.0
0.0,1.0,0.3816531740218229,0.0,0.0,0.05410739813385612,1.0,0.0,0.0
0.0,1.0,0.3981201275259929,0.0,0.0,0.0,0.0,0.0,1.0
0.0,1.0,0.3069079532991861,0.0,0.0,0.18249984580226933,0.0,0.0,1.0
0.0,1.0,0.3884481940875172,0.125,0.0,0.12999454257145598,0.0,0.0,1.0
0.0,1.0,0.23895775264224356,0.125,0.0,0.2125586439344078,1.0,0.0,0.0
0.0,0.0,0.22536771251085505,0.125,0.0,0.2125586439344078,1.0,0.0,0.0
0.0,0.0,0.40203823421890567,0.0,0.0,0.18249984580226933,0.0,0.0,1.0
0.0,1.0,0.7010191171094529,0.0,0.0,0.05953203526170282,0.0,0.0,1.0
0.0,0.0,0.7553792776350069,0.0,0.1111111111111111,0.16231419173453318,1.0,0.0,0.0
0.0,1.0,0.5107585552700137,0.0,0.0,0.0,0.0,0.0,1.0
0.0,1.0,0.3981201275259929,0.0,0.0,0.07729405233978466,0.0,0.0,1.0
0.0,1.0,0.2933179131677976,0.0,0.0,0.2647385704347907,1.0,0.0,0.0
0.0,1.0,0.3981201275259929,0.0,0.0,0.4440992237022602,1.0,0.0,0.0
0.0,0.0,0.5787087559269563,0.0,0.1111111111111111,0.41250332793836464,0.0,0.0,1.0
0.0,1.0,0.6058888361897333,0.0,0.0,0.051822148727810165,0.0,0.0,1.0
0.0,1.0,0.3981201275259929,0.0,0.0,0.09759350042902103,0.0,0.0,1.0
0.0,0.0,0.4428083546130712,0.0,0.0,0.05410739813385612,1.0,0.0,0.0
0.0,1.0,0.6194788763211218,0.0,0.0,0.15458810467956932,1.0,0.0,0.0
0.0,1.0,0.4835784750072367,0.0,0.0,0.07831878409428937,1.0,0.0,0.0
0.0,1.0,0.7417892375036184,0.125,0.0,0.11594107850967697,1.0,0.0,0.0
0.0,0.0,0.7281991973722298,0.125,0.0,0.11594107850967697,1.0,0.0,0.0
0.0,1.0,0.17100755198530102,0.25,0.2222222222222222,0.5121218935012878,1.0,0.0,0.0
0.0,0.0,0.23895775264224356,0.25,0.2222222222222222,0.5121218935012878,1.0,0.0,0.0
0.0,0.0,0.2797278730364091,0.25,0.2222222222222222,0.5121218935012878,1.0,0.0,0.0
0.0,0.0,0.6466589565838988,0.125,0.3333333333333333,0.5121218935012878,1.0,0.0,0.0
0.0,0.0,0.3204979934305746,0.0,0.0,0.13526459159462315,1.0,0.0,0.0
0.0,1.0,0.3981201275259929,0.0,0.0,0.050748620223090936,0.0,0.0,1.0
0.0,0.0,0.4699884348758482,0.125,0.0,0.11272049299551928,1.0,0.0,0.0
0.0,1.0,0.4563983947444597,0.0,0.0,0.051822148727810165,0.0,0.0,1.0
0.0,0.0,0.5379386355327908,0.0,0.0,0.2995388511917728,0.0,0.0,1.0
0.0,1.0,0.4699884348758482,0.0,0.0,0.05130978285055781,0.0,0.0,1.0
0.0,1.0,0.6738390368466759,0.125,0.0,0.1091095334796455,0.0,0.0,1.0
0.0,1.0,0.7553792776350069,0.0,0.0,0.06929138530460494,1.0,0.0,0.0
0.0,1.0,0.37485815395612865,0.0,0.0,0.06929138530460494,0.0,0.0,1.0
0.0,1.0,0.7553792776350069,0.0,0.0,0.051822148727810165,0.0,0.0,1.0
0.0,1.0,0.3204979934305746,0.125,0.0,0.16057390443488287,0.0,0.0,1.0
0.0,1.0,0.07587727106558147,0.0,0.2222222222222222,0.2625265161540666,1.0,0.0,0.0
0.0,1.0,0.6058888361897333,0.125,0.1111111111111111,0.2625265161540666,1.0,0.0,0.0
0.0,0.0,0.5379386355327908,0.125,0.1111111111111111,0.2625265161540666,1.0,0.0,0.0
0.0,1.0,0.7689693177663954,0.125,0.0,0.2859895551532101,1.0,0.0,0.0
0.0,0.0,0.3981201275259929,0.125,0.0,0.2859895551532101,1.0,0.0,0.0
0.0,1.0,0.4292183144816827,0.0,0.0,0.05953203526170282,1.0,0.0,0.0
0.0,1.0,0.8369195184233379,0.0,0.0,0.051822148727810165,0.0,0.0,1.0
0.0,1.0,0.7281991973722298,0.125,0.0,0.1082149914547131,1.0,0.0,0.0
0.0,0.0,0.5787087559269563,0.125,0.0,0.1082149914547131,1.0,0.0,0.0
0.0,0.0,0.8369195184233379,0.0,0.0,0.15614960068643363,0.0,0.0,0.0
0.0,1.0,0.9048697190802805,0.125,0.0,0.4328841690069588,0.0,0.0,1.0
0.0,1.0,0.8233294782919495,0.0,0.0,0.06308600017332605,0.0,0.0,1.0
0.0,0.0,0.6466589565838988,0.0,0.0,0.050610427826483444,0.0,0.0,1.0
0.0,0.0,0.23895775264224356,0.0,0.2222222222222222,0.1554664461834305,0.0,0.0,1.0
0.0,1.0,0.7010191171094529,0.125,0.1111111111111111,0.1554664461834305,0.0,0.0,1.0
0.0,0.0,0.5243485954014022,0.125,0.1111111111111111,0.1554664461834305,0.0,0.0,1.0
0.0,1.0,0.6466589565838988,0.125,0.0,0.10149724044618187,0.0,0.0,1.0
0.0,0.0,0.3981201275259929,0.125,0.0,0.10149724044618187,0.0,0.0,1.0
0.0,0.0,0.5243485954014022,0.125,0.1111111111111111,0.21642978772242535,1.0,0.0,0.0
0.0,0.0,0.3981201275259929,0.0,0.0,0.15458810467956932,1.0,0.0,0.0
0.0,1.0,0.41562827435029415,0.0,0.0,0.05570149036986375,1.0,0.0,0.0
0.0,1.0,0.5379386355327908,0.0,0.0,0.05410739813385612,1.0,0.0,0.0
0.0,1.0,0.8233294782919495,0.0,0.0,0.06538764528744409,0.0,0.0,1.0
0.0,1.0,0.6330689164525103,0.0,0.0,0.06640417918791278,0.0,0.0,1.0
0.0,1.0,0.864099598686115,0.125,0.0,0.14687821814567664,1.0,0.0,0.0
0.0,0.0,0.8097394381605609,0.125,0.0,0.14687821814567664,1.0,0.0,0.0
0.0,1.0,0.8097394381605609,0.0,0.0,0.051822148727810165,0.0,0.0,1.0
0.0,1.0,0.7281991973722298,0.0,0.1111111111111111,0.15085515328815924,0.0,0.0,1.0
0.0,1.0,0.2797278730364091,0.0,0.1111111111111111,0.15085515328815924,0.0,0.0,1.0
0.0,0.0,0.7417892375036184,0.0,0.0,0.2647385704347907,1.0,0.0,0.0
0.0,0.0,0.41562827435029415,0.0,0.2222222222222222,0.32179836714362564,0.0,0.0,1.0
0.0,1.0,0.7689693177663954,0.125,0.1111111111111111,0.32179836714362564,0.0,0.0,1.0
0.0,0.0,0.6058888361897333,0.125,0.1111111111111111,0.32179836714362564,0.0,0.0,1.0
0.0,1.0,0.6738390368466759,0.125,0.1111111111111111,0.41282050681475896,1.0,0.0,0.0
0.0,1.0,0.3612681138247401,0.0,0.2222222222222222,0.41282050681475896,1.0,0.0,0.0
0.0,1.0,0.6874290769780643,0.0,0.1111111111111111,0.11980421963065935,1.0,0.0,0.0
0.0,1.0,0.2797278730364091,0.0,0.1111111111111111,0.11980421963065935,1.0,0.0,0.0
0.0,1.0,0.3981201275259929,0.0,0.0,0.06831545030031472,0.0,0.0,1.0
0.0,0.0,0.41562827435029415,0.0,0.0,0.2625265161540666,1.0,0.0,0.0
0.0,1.0,0.8369195184233379,0.0,0.0,0.051822148727810165,0.0,0.0,1.0
0.0,0.0,0.4835784750072367,0.0,0.0,0.2647385704347907,1.0,0.0,0.0
0.5,1.0,0.40203823421890567,0.125,0.0,0.04684488020593009,1.0,0.0,0.0
0.5,0.0,0.37485815395612865,0.125,0.0,0.04684488020593009,1.0,0.0,0.0
0.5,1.0,0.40203823421890567,0.0,0.0,0.025374310111545468,0.0,0.0,1.0
0.5,1.0,0.23895775264224356,0.0,0.0,0.022446505098674838,0.0,0.0,1.0
0.5,1.0,0.4563983947444597,0.125,0.0,0.050748620223090936,0.0,0.0,1.0
0.5,0.0,0.4835784750072367,0.125,0.0,0.050748620223090936,0.0,0.0,1.0
0.5,1.0,0.7689693177663954,0.0,0.0,0.025374310111545468,0.0,0.0,1.0
0.5,1.0,0.23895775264224356,0.0,0.0,0.022446505098674838,0.0,0.0,1.0
0.5,1.0,0.3069079532991861,0.0,0.0,0.020494635090094415,0.0,0.0,1.0
0.5,0.0,0.4835784750072367,0.0,0.0,0.025374310111545468,0.0,0.0,1.0
0.5,1.0,0.37485815395612865,0.0,0.0,0.020494635090094415,0.0,0.0,1.0
0.5,1.0,0.4292183144816827,0.125,0.0,0.050748620223090936,0.0,0.0,1.0
0.5,0.0,0.25254779277363204,0.125,0.0,0.050748620223090936,0.0,0.0,1.0
0.5,1.0,0.37485815395612865,0.0,0.0,0.050748620223090936,0.0,0.0,1.0
0.5,0.0,0.04869719080280444,0.25,0.1111111111111111,0.07612293033463641,0.0,0.0,1.0
0.5,0.0,0.1574175118539125,0.25,0.1111111111111111,0.07612293033463641,0.0,0.0,1.0
0.5,0.0,0.4835784750072367,0.0,0.3333333333333333,0.07612293033463641,0.0,0.0,1.0
0.5,0.0,0.25254779277363204,0.0,0.0,0.025374310111545468,0.0,0.0,1.0
0.5,1.0,0.3069079532991861,0.0,0.0,0.025374310111545468,0.0,0.0,1.0
0.5,1.0,0.34767807369335163,0.0,0.0,0.025374310111545468,0.0,0.0,1.0
0.5,1.0,0.5651187157955678,0.0,0.0,0.025374310111545468,0.0,0.0,1.0
0.5,1.0,0.3612681138247401,0.0,0.0,0.025374310111545468,0.0,0.0,1.0
0.5,0.0,0.19818763224807803,0.0,0.2222222222222222,0.07612293033463641,0.0,0.0,1.0
0.5,0.0,0.5379386355327908,0.125,0.1111111111111111,0.07612293033463641,0.0,0.0,1.0
0.5,1.0,0.33408803356196315,0.125,0.0,0.050748620223090936,0.0,0.0,1.0
0.5,0.0,0.4835784750072367,0.0,0.0,0.025374310111545468,0.0,0.0,1.0
0.5,1.0,0.33408803356196315,0.0,0.0,0.025374310111545468,0.0,0.0,1.0
0.5,1.0,0.005661610718736453,0.0,0.2222222222222222,0.056604230248832196,0.0,0.0,1.0
0.5,1.0,0.34767807369335163,0.125,0.1111111111111111,0.056604230248832196,0.0,0.0,1.0
0.5,0.0,0.2933179131677976,0.125,0.1111111111111111,0.056604230248832196,0.0,0.0,1.0
0.5,0.0,0.4699884348758482,0.0,0.0,0.04098927018018883,0.0,0.0,1.0
0.5,1.0,0.3981201275259929,0.0,0.0,0.0,0.0,0.0,1.0
0.5,1.0,0.25254779277363204,0.0,0.0,0.025374310111545468,0.0,0.0,1.0
0.5,0.0,0.5922987960583448,0.125,0.0,0.050748620223090936,0.0,0.0,1.0
0.5,1.0,0.7281991973722298,0.125,0.0,0.050748620223090936,0.0,0.0,1.0
0.5,1.0,0.7010191171094529,0.0,0.0,0.026350245115835676,0.0,0.0,1.0
0.5,1.0,0.49716851513862526,0.125,0.0,0.050748620223090936,0.0,0.0,1.0
0.5,0.0,0.3884481940875172,0.125,0.0,0.050748620223090936,0.0,0.0,1.0
0.5,0.0,0.33408803356196315,0.125,0.1111111111111111,0.05855610025741262,0.0,0.0,1.0
0.5,0.0,0.6058888361897333,0.0,0.2222222222222222,0.05855610025741262,0.0,0.0,1.0
0.5,1.0,0.3884481940875172,0.125,0.0,0.050748620223090936,0.0,0.0,1.0
0.5,0.0,0.37485815395612865,0.125,0.0,0.050748620223090936,0.0,0.0,1.0
0.5,1.0,0.3884481940875172,0.0,0.0,0.020494635090094415,0.0,0.0,1.0
0.5,1.0,0.37485815395612865,0.0,0.0,0.025374310111545468,0.0,0.0,1.0
0.5,1.0,0.3204979934305746,0.0,0.0,0.020494635090094415,0.0,0.0,1.0
0.5,0.0,0.10305735132835848,0.0,0.2222222222222222,0.05123658772523604,0.0,0.0,1.0
0.5,1.0,0.41562827435029415,0.125,0.1111111111111111,0.05123658772523604,0.0,0.0,1.0
0.5,0.0,0.41562827435029415,0.125,0.1111111111111111,0.05123658772523604,0.0,0.0,1.0
0.5,0.0,0.2933179131677976,0.0,0.0,0.020494635090094415,0.0,0.0,1.0
0.5,0.0,0.40203823421890567,0.0,0.0,0.025374310111545468,0.0,0.0,1.0
0.5,0.0,0.3981201275259929,0.0,0.0,0.04098927018018883,0.0,0.0,1.0
0.5,1.0,0.3981201275259929,0.0,0.0,0.0,0.0,0.0,1.0
0.5,1.0,0.10305735132835848,0.125,0.1111111111111111,0.07173122281533045,0.0,0.0,1.0
0.5,1.0,0.23895775264224356,0.0,0.0,0.1434624456306609,0.0,0.0,1.0
0.5,0.0,0.6466589565838988,0.0,0.2222222222222222,0.07173122281533045,0.0,0.0,1.0
0.5,0.0,0.37485815395612865,0.0,0.0,0.025374310111545468,0.0,0.0,1.0
0.5,1.0,0.4292183144816827,0.0,0.0,0.025374310111545468,0.0,0.0,1.0
0.5,1.0,0.22536771251085505,0.0,0.0,0.1434624456306609,0.0,0.0,1.0
0.5,1.0,0.3884481940875172,0.125,0.0,0.05410739813385612,1.0,0.0,0.0
0.5,0.0,0.3204979934305746,0.125,0.0,0.05410739813385612,1.0,0.0,0.0
0.5,1.0,0.33408803356196315,0.0,0.0,0.061483905270283246,0.0,0.0,1.0
0.5,1.0,0.23895775264224356,0.0,0.0,0.1434624456306609,0.0,0.0,1.0
0.5,0.0,0.4563983947444597,0.0,0.1111111111111111,0.044893010197349675,0.0,0.0,1.0
0.5,1.0,0.10305735132835848,0.0,0.2222222222222222,0.06343577527886367,0.0,0.0,1.0
0.5,1.0,0.5651187157955678,0.125,0.1111111111111111,0.06343577527886367,0.0,0.0,1.0
0.5,0.0,0.4563983947444597,0.125,0.1111111111111111,0.06343577527886367,0.0,0.0,1.0
0.5,0.0,0.3612681138247401,0.125,0.0,0.027049600139910042,1.0,0.0,0.0
0.5,0.0,0.40203823421890567,0.125,0.0,0.027049600139910042,1.0,0.0,0.0
0.5,1.0,0.3069079532991861,0.0,0.0,0.025374310111545468,0.0,0.0,1.0
0.5,1.0,0.23895775264224356,0.0,0.0,0.025374310111545468,0.0,0.0,1.0
0.5,1.0,0.5379386355327908,0.125,0.0,0.050748620223090936,0.0,0.0,1.0
0.5,0.0,0.3884481940875172,0.125,0.0,0.050748620223090936,0.0,0.0,1.0
0.5,1.0,0.23895775264224356,0.0,0.0,0.020494635090094415,0.0,0.0,1.0
0.5,1.0,0.4835784750072367,0.0,0.0,0.025374310111545468,0.0,0.0,1.0
0.5,0.0,0.5107585552700137,0.0,0.0,0.025374310111545468,0.0,0.0,1.0
0.5,1.0,0.4699884348758482,0.0,0.0,0.050748620223090936,0.0,0.0,1.0
0.5,1.0,0.5107585552700137,0.125,0.0,0.04098927018018883,0.0,0.0,1.0
0.5,1.0,0.4563983947444597,0.125,0.0,0.04098927018018883,0.0,0.0,1.0
0.5,0.0,0.4563983947444597,0.0,0.0,0.025374310111545468,0.0,0.0,1.0
0.5,1.0,0.21177767237946654,0.0,0.0,0.050748620223090936,0.0,0.0,1.0
0.5,1.0,0.6330689164525103,0.0,0.0,0.020494635090094415,0.0,0.0,1.0
0.5,1.0,0.2797278730364091,0.125,0.0,0.022446505098674838,0.0,0.0,1.0
0.5,1.0,0.2797278730364091,0.125,0.0,0.022446505098674838,0.0,0.0,1.0
0.5,1.0,0.3204979934305746,0.0,0.0,0.026350245115835676,0.0,0.0,1.0
0.5,1.0,0.3204979934305746,0.0,0.0,0.025374310111545468,0.0,0.0,1.0
0.5,1.0,0.4563983947444597,0.0,0.0,0.025374310111545468,0.0,0.0,1.0
0.5,1.0,0.40203823421890567,0.0,0.0,0.025374310111545468,0.0,0.0,1.0
0.5,1.0,0.003397510032847127,0.125,0.1111111111111111,0.028302115124416098,0.0,0.0,1.0
0.5,0.0,0.3204979934305746,0.0,0.2222222222222222,0.028302115124416098,0.0,0.0,1.0
0.5,1.0,0.5922987960583448,0.0,0.0,0.025374310111545468,0.0,0.0,1.0
0.5,0.0,0.07587727106558147,0.0,0.1111111111111111,0.06441171028315387,0.0,0.0,1.0
0.5,0.0,0.08946731119696998,0.0,0.2222222222222222,0.05123658772523604,0.0,0.0,1.0
0.5,0.0,0.6058888361897333,0.125,0.1111111111111111,0.05123658772523604,0.0,0.0,1.0
0.5,0.0,0.3204979934305746,0.125,0.2222222222222222,0.12687155055772734,0.0,0.0,1.0
0.5,0.0,0.3204979934305746,0.125,0.2222222222222222,0.12687155055772734,0.0,0.0,1.0
0.5,0.0,0.6466589565838988,0.125,0.2222222222222222,0.12687155055772734,0.0,0.0,1.0
0.5,0.0,0.7417892375036184,0.0,0.0,0.03122992013728673,0.0,0.0,1.0
0.5,1.0,0.3204979934305746,0.25,0.0,0.1434624456306609,0.0,0.0,1.0
0.5,1.0,0.4292183144816827,0.25,0.0,0.1434624456306609,0.0,0.0,1.0
0.5,1.0,0.2797278730364091,0.25,0.0,0.1434624456306609,0.0,0.0,1.0
0.5,0.0,0.23895775264224356,0.125,0.1111111111111111,0.025374310111545468,0.0,0.0,1.0
0.5,0.0,0.2661378329050206,0.25,0.1111111111111111,0.044893010197349675,0.0,0.0,1.0
0.5,1.0,0.3069079532991861,0.25,0.1111111111111111,0.022446505098674838,0.0,0.0,1.0
0.5,1.0,0.4835784750072367,0.0,0.0,0.025374310111545468,0.0,0.0,1.0
0.5,0.0,0.7281991973722298,0.125,0.3333333333333333,0.044893010197349675,0.0,0.0,1.0
0.5,1.0,0.6738390368466759,0.0,0.0,0.025374310111545468,0.0,0.0,1.0
0.5,0.0,0.3884481940875172,0.125,0.0,0.050748620223090936,0.0,0.0,1.0
0.5,1.0,0.2797278730364091,0.0,0.0,0.1434624456306609,0.0,0.0,1.0
0.5,1.0,0.5651187157955678,0.0,0.0,0.025374310111545468,0.0,0.0,1.0
0.5,1.0,0.8505095585547264,0.125,0.0,0.050748620223090936,0.0,0.0,1.0
0.5,0.0,0.8097394381605609,0.125,0.0,0.050748620223090936,0.0,0.0,1.0
0.5,1.0,0.5651187157955678,0.125,0.0,0.05270049023167135,0.0,0.0,1.0
0.5,0.0,0.3204979934305746,0.25,0.1111111111111111,0.05270049023167135,0.0,0.0,1.0
0.5,1.0,0.6330689164525103,0.0,0.0,0.02927805012870631,0.0,0.0,1.0
0.5,1.0,0.3204979934305746,0.25,0.0,0.061483905270283246,0.0,0.0,1.0
0.5,0.0,0.3069079532991861,0.0,0.0,0.026919605597338588,1.0,0.0,0.0
0.5,1.0,0.4563983947444597,0.125,0.0,0.050748620223090936,0.0,0.0,1.0
0.5,0.0,0.2933179131677976,0.0,0.0,0.04098927018018883,0.0,0.0,1.0
0.5,1.0,0.4699884348758482,0.0,0.0,0.024105594605968193,0.0,1.0,0.0
0.5,1.0,0.3981201275259929,0.0,0.0,0.0,0.0,0.0,1.0
0.5,1.0,0.41562827435029415,0.0,0.0,0.020494635090094415,0.0,0.0,1.0
0.5,1.0,0.3981201275259929,0.0,0.0,0.020901209612881715,0.0,1.0,0.0
0.5,0.0,0.007927070408638917,0.125,0.2222222222222222,0.08115719346076702,1.0,0.0,0.0
0.5,0.0,0.03510715067141593,0.125,0.2222222222222222,0.08115719346076702,1.0,0.0,0.0
0.5,1.0,0.33408803356196315,0.125,0.2222222222222222,0.08115719346076702,1.0,0.0,0.0
0.5,0.0,0.2933179131677976,0.125,0.2222222222222222,0.08115719346076702,1.0,0.0,0.0
0.5,0.0,0.22536771251085505,0.0,0.0,0.023422440102965045,1.0,0.0,0.0
0.5,0.0,0.3981201275259929,0.0,0.0,0.06441171028315387,0.0,0.0,1.0
0.5,1.0,0.4835784750072367,0.0,0.0,0.025130326360472913,1.0,0.0,0.0
0.5,1.0,0.3204979934305746,0.0,0.0,0.020494635090094415,0.0,0.0,1.0
0.5,1.0,0.8233294782919495,0.0,0.0,0.024105594605968193,0.0,1.0,0.0
0.5,1.0,0.6738390368466759,0.125,0.0,0.050748620223090936,0.0,0.0,1.0
0.5,0.0,0.7689693177663954,0.0,0.0,0.020494635090094415,0.0,0.0,1.0
0.5,1.0,0.3981201275259929,0.0,0.0,0.02936744577509929,1.0,0.0,0.0
0.5,1.0,0.007927070408638917,0.0,0.2222222222222222,0.07222738817151159,1.0,0.0,0.0
0.5,1.0,0.41562827435029415,0.125,0.1111111111111111,0.07222738817151159,1.0,0.0,0.0
0.5,0.0,0.3204979934305746,0.125,0.1111111111111111,0.07222738817151159,1.0,0.0,0.0
0.5,1.0,0.3981201275259929,0.0,0.0,0.03040857323767609,1.0,0.0,0.0
0.5,1.0,0.5379386355327908,0.0,0.0,0.03122992013728673,0.0,0.0,1.0
0.5,1.0,0.4292183144816827,0.0,0.0,0.026350245115835676,0.0,0.0,1.0
0.5,1.0,0.40203823421890567,0.0,0.0,0.025374310111545468,0.0,0.0,1.0
0.5,1.0,0.6194788763211218,0.0,0.0,0.050748620223090936,0.0,0.0,1.0
0.5,0.0,0.17100755198530102,0.0,0.1111111111111111,0.038061465167318204,0.0,0.0,1.0
0.5,0.0,0.5515286756641793,0.0,0.1111111111111111,0.038061465167318204,0.0,0.0,1.0
0.5,1.0,0.25254779277363204,0.0,0.0,0.020494635090094415,0.0,0.0,1.0
0.5,1.0,0.5243485954014022,0.0,0.0,0.025374310111545468,0.0,0.0,1.0
0.5,1.0,0.945639839474446,0.0,0.0,0.020494635090094415,0.0,0.0,1.0
0.5,1.0,0.3612681138247401,0.0,0.0,0.025374310111545468,0.0,0.0,1.0
0.5,1.0,0.7281991973722298,0.0,0.0,0.027326180120125887,0.0,0.0,1.0
0.5,1.0,0.5243485954014022,0.0,0.0,0.050748620223090936,0.0,0.0,1.0
0.5,1.0,0.43601333454737695,0.125,0.0,0.058694292654020104,1.0,0.0,0.0
0.5,1.0,0.03510715067141593,0.125,0.1111111111111111,0.050748620223090936,0.0,0.0,1.0
0.5,1.0,0.490373495072931,0.0,0.2222222222222222,0.050748620223090936,0.0,0.0,1.0
0.5,1.0,0.25254779277363204,0.125,0.1111111111111111,0.07173122281533045,0.0,0.0,1.0
0.5,1.0,0.37485815395612865,0.0,0.0,0.026350245115835676,0.0,0.0,1.0
0.5,1.0,0.2661378329050206,0.0,0.0,0.02705779799394608,1.0,0.0,0.0
0.5,1.0,0.2933179131677976,0.0,0.0,0.020494635090094415,0.0,0.0,1.0
0.5,1.0,0.3069079532991861,0.0,0.0,0.020494635090094415,0.0,0.0,1.0
0.5,1.0,0.3884481940875172,0.0,0.0,0.027049600139910042,1.0,0.0,0.0
0.5,1.0,0.37485815395612865,0.0,0.0,0.020494635090094415,0.0,0.0,1.0
0.5,1.0,0.3981201275259929,0.0,0.0,0.0,0.0,0.0,1.0
0.5,0.0,0.6738390368466759,0.0,0.1111111111111111,0.050748620223090936,0.0,0.0,1.0
0.5,1.0,0.25254779277363204,0.0,0.0,0.020494635090094415,0.0,0.0,1.0
0.5,1.0,0.3981201275259929,0.0,0.0,0.02937564362913533,1.0,0.0,0.0
0.5,1.0,0.5515286756641793,0.0,0.0,0.025374310111545468,0.0,0.0,1.0
0.5,0.0,0.2797278730364091,0.0,0.1111111111111111,0.04098927018018883,0.0,0.0,1.0
0.5,0.0,0.25254779277363204,0.0,0.0,0.050748620223090936,0.0,0.0,1.0
0.5,1.0,0.5787087559269563,0.0,0.1111111111111111,0.04098927018018883,0.0,0.0,1.0
0.5,0.0,0.4292183144816827,0.0,0.0,0.025374310111545468,0.0,0.0,1.0
0.5,1.0,0.4563983947444597,0.0,0.0,0.025374310111545468,0.0,0.0,1.0
0.5,1.0,0.40203823421890567,0.0,0.0,0.024861944234293106,1.0,0.0,0.0
0.5,0.0,0.021517110540027425,0.125,0.1111111111111111,0.050748620223090936,0.0,0.0,1.0
0.5,0.0,0.10305735132835848,0.125,0.1111111111111111,0.050748620223090936,0.0,0.0,1.0
0.5,0.0,0.4428083546130712,0.0,0.2222222222222222,0.050748620223090936,0.0,0.0,1.0
0.5,1.0,0.4835784750072367,0.0,0.0,0.020494635090094415,0.0,0.0,1.0
0.5,1.0,0.4563983947444597,0.125,0.0,0.04098927018018883,0.0,0.0,1.0
0.5,0.0,0.40203823421890567,0.375,0.0,0.04098927018018883,0.0,0.0,1.0
0.5,0.0,0.37485815395612865,0.0,0.0,0.025374310111545468,0.0,0.0,1.0
0.5,1.0,0.3069079532991861,0.0,0.0,0.02936744577509929,1.0,0.0,0.0
0.5,1.0,0.005661610718736453,0.125,0.1111111111111111,0.03659756266088288,0.0,0.0,1.0
0.5,1.0,0.03510715067141593,0.125,0.1111111111111111,0.03659756266088288,0.0,0.0,1.0
0.5,1.0,0.25254779277363204,0.0,0.0,0.020494635090094415,0.0,0.0,1.0
0.5,0.0,0.2797278730364091,0.0,0.0,0.020494635090094415,0.0,0.0,1.0
0.5,1.0,0.33408803356196315,0.0,0.0,0.025374310111545468,0.0,0.0,1.0
0.5,1.0,0.3612681138247401,0.0,0.0,0.050748620223090936,0.0,0.0,1.0
0.5,0.0,0.33408803356196315,0.0,0.1111111111111111,0.050748620223090936,0.0,0.0,1.0
0.5,0.0,0.23895775264224356,0.0,0.2222222222222222,0.025374310111545468,0.0,0.0,1.0
0.5,0.0,0.2661378329050206,0.0,0.0,0.07173122281533045,0.0,0.0,1.0
0.5,0.0,0.40203823421890567,0.0,0.0,0.025374310111545468,0.0,0.0,1.0
0.5,0.0,0.40203823421890567,0.0,0.0,0.024105594605968193,0.0,1.0,0.0
0.5,1.0,0.4699884348758482,0.0,0.0,0.020494635090094415,0.0,0.0,1.0
0.5,0.0,0.5379386355327908,0.0,0.0,0.025374310111545468,0.0,0.0,1.0
0.5,1.0,0.5515286756641793,0.0,0.0,0.02936744577509929,1.0,0.0,0.0
0.5,1.0,0.33408803356196315,0.0,0.0,0.020494635090094415,0.0,0.0,1.0
0.5,1.0,0.24575277270793783,0.0,0.0,0.025374310111545468,0.0,0.0,1.0
0.5,1.0,0.18459759211668952,0.0,0.0,0.12687155055772734,0.0,0.0,1.0
0.5,0.0,0.6738390368466759,0.0,0.0,0.020494635090094415,0.0,0.0,1.0
0.5,1.0,0.3069079532991861,0.0,0.0,0.025374310111545468,0.0,0.0,1.0
0.5,0.0,0.37485815395612865,0.0,0.0,0.02469115560854232,0.0,0.0,1.0
0.5,0.0,0.3612681138247401,0.0,0.0,0.020494635090094415,0.0,0.0,1.0
0.5,1.0,0.3884481940875172,0.125,0.0,0.04098927018018883,0.0,0.0,1.0
0.5,0.0,0.3612681138247401,0.125,0.0,0.04098927018018883,0.0,0.0,1.0
0.5,0.0,0.41562827435029415,0.0,0.0,0.04098927018018883,0.0,0.0,1.0
0.5,1.0,0.40203823421890567,0.125,0.0,0.04098927018018883,0.0,0.0,1.0
0.5,1.0,0.3069079532991861,0.125,0.0,0.020494635090094415,0.0,0.0,1.0
0.5,0.0,0.41562827435029415,0.0,0.0,0.04098927018018883,0.0,0.0,1.0
0.5,1.0,0.3981201275259929,0.0,0.0,0.0,0.0,0.0,1.0
0.5,0.0,0.1574175118539125,0.0,0.0,0.030741952635141623,0.0,0.0,1.0
0.5,0.0,0.5379386355327908,0.0,0.0,0.030741952635141623,0.0,0.0,1.0
0.5,0.0,0.43601333454737695,0.0,0.0,0.025374310111545468,0.0,0.0,1.0
0.5,1.0,0.3612681138247401,0.125,0.0,0.050748620223090936,0.0,0.0,1.0
0.5,0.0,0.3884481940875172,0.125,0.0,0.050748620223090936,0.0,0.0,1.0
0.5,1.0,0.021517110540027425,0.125,0.1111111111111111,0.044893010197349675,0.0,0.0,1.0
0.5,0.0,0.04869719080280444,0.125,0.1111111111111111,0.044893010197349675,0.0,0.0,1.0
0.5,0.0,0.3884481940875172,0.0,0.2222222222222222,0.044893010197349675,0.0,0.0,1.0
0.5,0.0,0.006795020065694254,0.125,0.2222222222222222,0.05416439273810667,0.0,0.0,1.0
0.5,0.0,0.06228723093419295,0.125,0.2222222222222222,0.05416439273810667,0.0,0.0,1.0
0.5,1.0,0.4835784750072367,0.125,0.2222222222222222,0.05416439273810667,0.0,0.0,1.0
0.5,0.0,0.4428083546130712,0.125,0.2222222222222222,0.05416439273810667,0.0,0.0,1.0
0.5,1.0,0.891279678948892,0.0,0.0,0.020494635090094415,0.0,0.0,1.0
0.5,1.0,0.3981201275259929,0.0,0.0,0.025130326360472913,0.0,0.0,1.0
0.5,1.0,0.41562827435029415,0.0,0.0,0.025374310111545468,0.0,0.0,1.0
0.5,1.0,0.3981201275259929,0.0,0.0,0.025374310111545468,0.0,0.0,1.0
0.5,0.0,0.34767807369335163,0.0,0.0,0.026350245115835676,0.0,0.0,1.0
0.5,0.0,0.3204979934305746,0.0,0.0,0.025374310111545468,0.0,0.0,1.0
1.0,1.0,0.5651187157955678,0.0,0.0,0.014736618564782174,0.0,0.0,1.0
1.0,1.0,0.21177767237946654,0.125,0.1111111111111111,0.03952536767375352,0.0,0.0,1.0
1.0,0.0,0.4699884348758482,0.125,0.1111111111111111,0.03952536767375352,0.0,0.0,1.0
1.0,0.0,0.21177767237946654,0.0,0.0,0.014931805565640218,0.0,0.0,1.0
1.0,1.0,0.33408803356196315,0.0,0.0,0.014931805565640218,0.0,0.0,1.0
1.0,0.0,0.23895775264224356,0.0,0.0,0.014110458666029575,1.0,0.0,0.0
1.0,1.0,0.34767807369335163,0.0,0.0,0.015712553569072387,0.0,0.0,1.0
1.0,0.0,0.5379386355327908,0.125,0.0,0.018493968331299484,0.0,0.0,1.0
1.0,1.0,0.005661610718736453,0.0,0.1111111111111111,0.018249984580226933,0.0,0.0,1.0
1.0,0.0,0.23895775264224356,0.0,0.1111111111111111,0.018249984580226933,0.0,0.0,1.0
1.0,1.0,0.34767807369335163,0.0,0.0,0.036670757786204655,1.0,0.0,0.0
1.0,1.0,0.34767807369335163,0.0,0.0,0.015395374692678068,0.0,0.0,1.0
1.0,1.0,0.3204979934305746,0.0,0.0,0.013760683560491965,0.0,0.0,1.0
1.0,1.0,0.4699884348758482,0.0,0.0,0.015712553569072387,0.0,0.0,1.0
1.0,0.0,0.25254779277363204,0.125,0.0,0.015330377421392339,0.0,0.0,1.0
1.0,1.0,0.04869719080280444,0.5,0.2222222222222222,0.06104473451835265,0.0,0.0,1.0
1.0,0.0,0.07587727106558147,0.5,0.2222222222222222,0.06104473451835265,0.0,0.0,1.0
1.0,0.0,0.22536771251085505,0.5,0.2222222222222222,0.015468569817999833,0.0,0.0,1.0
1.0,0.0,0.5107585552700137,0.5,0.2222222222222222,0.015175789316712771,0.0,0.0,1.0
1.0,0.0,0.116647391459747,0.5,0.2222222222222222,0.06104473451835265,0.0,0.0,1.0
1.0,0.0,0.143827471722524,0.5,0.2222222222222222,0.06104473451835265,0.0,0.0,1.0
1.0,1.0,0.5243485954014022,0.125,0.5555555555555556,0.06104473451835265,0.0,0.0,1.0
1.0,1.0,0.3612681138247401,0.0,0.0,0.015216388212891242,0.0,0.0,1.0
1.0,1.0,0.34767807369335163,0.0,0.0,0.015175789316712771,0.0,0.0,1.0
1.0,0.0,0.5243485954014022,0.125,0.5555555555555556,0.06104473451835265,0.0,0.0,1.0
1.0,1.0,0.2661378329050206,0.0,0.0,0.015330377421392339,0.0,0.0,1.0
1.0,1.0,0.3204979934305746,0.0,0.0,0.015175789316712771,0.0,0.0,1.0
1.0,1.0,0.4699884348758482,0.0,0.0,0.013760683560491965,0.0,0.0,1.0
1.0,1.0,0.06228723093419295,0.5,0.2222222222222222,0.06126431989431795,0.0,0.0,1.0
1.0,1.0,0.116647391459747,0.5,0.2222222222222222,0.06126431989431795,0.0,0.0,1.0
1.0,1.0,0.03510715067141593,0.5,0.2222222222222222,0.06126431989431795,0.0,0.0,1.0
1.0,1.0,0.17100755198530102,0.5,0.2222222222222222,0.06126431989431795,0.0,0.0,1.0
1.0,0.0,0.06228723093419295,0.5,0.2222222222222222,0.06126431989431795,0.0,0.0,1.0
1.0,1.0,0.5379386355327908,0.125,0.5555555555555556,0.06126431989431795,0.0,0.0,1.0
1.0,0.0,0.5107585552700137,0.125,0.5555555555555556,0.06126431989431795,0.0,0.0,1.0
1.0,0.0,0.6058888361897333,0.0,0.0,0.014102260811993537,1.0,0.0,0.0
1.0,1.0,0.3069079532991861,0.0,0.0,0.013760683560491965,0.0,0.0,1.0
1.0,0.0,0.22536771251085505,0.0,0.0,0.028220722145058292,1.0,0.0,0.0
1.0,1.0,0.3069079532991861,0.0,0.0,0.015330377421392339,0.0,0.0,1.0
1.0,0.0,0.17100755198530102,0.0,0.0,0.014110458666029575,1.0,0.0,0.0
1.0,1.0,0.2661378329050206,0.0,0.0,0.014102260811993537,1.0,0.0,0.0
1.0,1.0,0.4292183144816827,0.125,0.0,0.030937139635999665,0.0,0.0,1.0
1.0,0.0,0.4428083546130712,0.375,0.0,0.030937139635999665,0.0,0.0,1.0
1.0,0.0,0.00452956037579179,0.25,0.1111111111111111,0.03758969818624431,1.0,0.0,0.0
1.0,0.0,0.00452956037579179,0.25,0.1111111111111111,0.03758969818624431,1.0,0.0,0.0
1.0,0.0,0.06228723093419295,0.25,0.1111111111111111,0.03758969818624431,1.0,0.0,0.0
1.0,0.0,0.3204979934305746,0.0,0.3333333333333333,0.03758969818624431,1.0,0.0,0.0
1.0,0.0,0.23895775264224356,0.0,0.0,0.015712553569072387,0.0,0.0,1.0
1.0,1.0,0.5379386355327908,0.0,0.0,0.014102260811993537,1.0,0.0,0.0
1.0,1.0,0.34767807369335163,0.0,0.0,0.015411575213749286,0.0,0.0,1.0
1.0,0.0,0.3612681138247401,0.0,0.0,0.01537917417160685,0.0,1.0,0.0
1.0,1.0,0.2933179131677976,0.0,0.0,0.015712553569072387,0.0,0.0,1.0
1.0,1.0,0.25254779277363204,0.0,0.0,0.015712553569072387,0.0,0.0,1.0
1.0,1.0,0.3981201275259929,0.0,0.0,0.014110458666029575,1.0,0.0,0.0
1.0,1.0,0.2661378329050206,0.0,0.0,0.007831878409428937,1.0,0.0,0.0
1.0,1.0,0.2797278730364091,0.0,0.0,0.015175789316712771,0.0,0.0,1.0
1.0,1.0,0.34767807369335163,0.0,0.0,0.015411575213749286,0.0,0.0,1.0
1.0,1.0,0.07587727106558147,0.125,0.1111111111111111,0.029757819776815374,1.0,0.0,0.0
1.0,0.0,0.116647391459747,0.125,0.1111111111111111,0.029757819776815374,1.0,0.0,0.0
1.0,1.0,0.3981201275259929,0.0,0.0,0.014102260811993537,1.0,0.0,0.0
1.0,0.0,0.3981201275259929,0.0,0.2222222222222222,0.029757819776815374,1.0,0.0,0.0
1.0,0.0,0.3981201275259929,0.0,0.2222222222222222,0.015126992566498259,0.0,1.0,0.0
1.0,0.0,0.2661378329050206,0.0,0.0,0.015330377421392339,0.0,0.0,1.0
1.0,1.0,0.3884481940875172,0.125,0.0,0.013752485706455927,0.0,0.0,1.0
1.0,1.0,0.2933179131677976,0.125,0.0,0.014151057562208049,0.0,0.0,1.0
1.0,0.0,0.24575277270793783,0.0,0.0,0.014216054833493776,0.0,1.0,0.0
1.0,1.0,0.25254779277363204,0.0,0.0,0.013175122557917838,0.0,1.0,0.0
1.0,0.0,0.23895775264224356,0.0,0.0,0.01537917417160685,0.0,1.0,0.0
1.0,0.0,0.2797278730364091,0.0,0.0,0.016908073949327893,0.0,0.0,1.0
1.0,0.0,0.40203823421890567,0.0,0.0,0.016908073949327893,0.0,0.0,1.0
1.0,1.0,0.23895775264224356,0.0,0.0,0.016908073949327893,0.0,0.0,1.0
1.0,1.0,0.5107585552700137,0.0,0.0,0.016908073949327893,0.0,0.0,1.0
1.0,1.0,0.22536771251085505,0.0,0.0,0.016908073949327893,0.0,0.0,1.0
1.0,1.0,0.22536771251085505,0.0,0.0,0.016908073949327893,0.0,0.0,1.0
1.0,0.0,0.2797278730364091,0.0,0.0,0.015126992566498259,0.0,1.0,0.0
1.0,1.0,0.2797278730364091,0.0,0.0,0.015712553569072387,0.0,0.0,1.0
1.0,1.0,0.3981201275259929,0.125,0.0,0.028220722145058292,1.0,0.0,0.0
1.0,0.0,0.3981201275259929,0.125,0.0,0.028220722145058292,1.0,0.0,0.0
1.0,1.0,0.3204979934305746,0.0,0.0,0.015330377421392339,0.0,0.0,1.0
1.0,0.0,0.21177767237946654,0.0,0.0,0.015126992566498259,0.0,1.0,0.0
1.0,0.0,0.49716851513862526,0.0,0.0,0.015126992566498259,0.0,1.0,0.0
1.0,1.0,0.37485815395612865,0.0,0.0,0.014151057562208049,0.0,0.0,1.0
1.0,1.0,0.2797278730364091,0.0,0.0,0.015094396337354966,0.0,1.0,0.0
1.0,1.0,0.4292183144816827,0.0,0.0,0.11027245763075773,0.0,0.0,1.0
1.0,1.0,0.3884481940875172,0.0,0.0,0.015712553569072387,0.0,0.0,1.0
1.0,1.0,0.34767807369335163,0.125,0.0,0.028212719478023115,1.0,0.0,0.0
1.0,1.0,0.23895775264224356,0.125,0.0,0.028212719478023115,1.0,0.0,0.0
1.0,1.0,0.2661378329050206,0.0,0.0,0.013760683560491965,0.0,0.0,1.0
1.0,1.0,0.23895775264224356,0.0,0.0,0.015712553569072387,0.0,0.0,1.0
1.0,1.0,0.3204979934305746,0.0,0.0,0.014151057562208049,0.0,1.0,0.0
1.0,1.0,0.4835784750072367,0.0,0.0,0.014630827210317117,0.0,0.0,1.0
1.0,1.0,0.3204979934305746,0.0,0.0,0.014630827210317117,0.0,0.0,1.0
1.0,1.0,0.41562827435029415,0.0,0.0,0.015094396337354966,0.0,1.0,0.0
1.0,1.0,0.41562827435029415,0.0,0.0,0.015126992566498259,0.0,1.0,0.0
1.0,0.0,0.2933179131677976,0.0,0.0,0.015126992566498259,0.0,1.0,0.0
1.0,0.0,0.40203823421890567,0.0,0.0,0.014891206669461744,0.0,1.0,0.0
1.0,1.0,0.9524348595401403,0.0,0.0,0.015126992566498259,0.0,1.0,0.0
1.0,1.0,0.5787087559269563,0.0,0.0,0.015712553569072387,0.0,0.0,1.0
1.0,1.0,0.4699884348758482,0.0,0.0,0.015411575213749286,0.0,0.0,1.0
1.0,1.0,0.3612681138247401,0.0,0.0,0.015411575213749286,0.0,0.0,1.0
1.0,1.0,0.25254779277363204,0.0,0.0,0.015411575213749286,0.0,0.0,1.0
1.0,1.0,0.40203823421890567,0.0,0.0,0.015712553569072387,0.0,0.0,1.0
1.0,1.0,0.116647391459747,0.125,0.1111111111111111,0.031034733136428686,0.0,0.0,1.0
1.0,1.0,0.03510715067141593,0.125,0.1111111111111111,0.031034733136428686,0.0,0.0,1.0
1.0,0.0,0.4835784750072367,0.0,0.2222222222222222,0.031034733136428686,0.0,0.0,1.0
1.0,1.0,0.7961493980291724,0.0,0.0,0.014151057562208049,0.0,0.0,1.0
1.0,1.0,0.25254779277363204,0.0,0.0,0.015923941091001644,0.0,0.0,1.0
1.0,1.0,0.5922987960583448,0.0,0.1111111111111111,0.031425107138144774,0.0,0.0,1.0
1.0,1.0,0.22536771251085505,0.0,0.0,0.016908073949327893,0.0,0.0,1.0
1.0,1.0,0.30011293323349186,0.0,0.0,0.014102260811993537,1.0,0.0,0.0
1.0,0.0,0.2933179131677976,0.0,0.0,0.02052723131923771,0.0,0.0,1.0
1.0,1.0,0.25254779277363204,0.0,0.0,0.019852079483269742,0.0,0.0,1.0
1.0,0.0,0.40203823421890567,0.0,0.0,0.013565496559633922,0.0,1.0,0.0
1.0,1.0,0.3884481940875172,0.0,0.0,0.015126992566498259,0.0,1.0,0.0
1.0,1.0,0.4563983947444597,0.125,0.1111111111111111,0.028106928123558056,0.0,0.0,1.0
1.0,0.0,0.37485815395612865,0.125,0.1111111111111111,0.028106928123558056,0.0,0.0,1.0
1.0,1.0,0.3612681138247401,0.0,0.0,0.015411575213749286,0.0,0.0,1.0
1.0,1.0,0.3204979934305746,0.25,0.0,0.04713766070721715,0.0,0.0,1.0
1.0,1.0,0.2933179131677976,0.0,0.0,0.015712553569072387,0.0,0.0,1.0
1.0,1.0,0.22536771251085505,0.25,0.0,0.015712553569072387,0.0,0.0,1.0
1.0,1.0,0.3981201275259929,0.125,0.0,0.031425107138144774,0.0,0.0,1.0
1.0,0.0,0.3981201275259929,0.125,0.0,0.031425107138144774,0.0,0.0,1.0
1.0,1.0,0.490373495072931,0.125,0.0,0.033962538149299316,0.0,0.0,1.0
1.0,0.0,0.4835784750072367,0.125,0.0,0.033962538149299316,0.0,0.0,1.0
1.0,1.0,0.21177767237946654,0.0,0.0,0.018542765081513996,0.0,0.0,1.0
1.0,1.0,0.007927070408638917,0.125,0.2222222222222222,0.04015972542654215,0.0,0.0,1.0
1.0,1.0,0.34767807369335163,0.125,0.2222222222222222,0.04015972542654215,0.0,0.0,1.0
1.0,0.0,0.4428083546130712,0.125,0.2222222222222222,0.04015972542654215,0.0,0.0,1.0
1.0,1.0,0.33408803356196315,0.0,0.0,0.015411575213749286,0.0,0.0,1.0
1.0,1.0,0.3981201275259929,0.0,0.0,0.015411575213749286,0.0,0.0,1.0
1.0,1.0,0.3981201275259929,0.0,0.0,0.015411575213749286,0.0,0.0,1.0
1.0,1.0,0.4835784750072367,0.0,0.0,0.014151057562208049,0.0,0.0,1.0
1.0,0.0,0.25254779277363204,0.0,0.0,0.01537917417160685,0.0,1.0,0.0
1.0,1.0,0.22536771251085505,0.0,0.0,0.015411575213749286,0.0,0.0,1.0
1.0,1.0,0.5651187157955678,0.0,0.0,0.016908073949327893,0.0,0.0,1.0
1.0,1.0,0.3981201275259929,0.0,0.0,0.014110458666029575,1.0,0.0,0.0
1.0,1.0,0.4292183144816827,0.0,0.0,0.015126992566498259,0.0,1.0,0.0
1.0,0.0,0.3204979934305746,0.0,0.0,0.015126992566498259,0.0,1.0,0.0
1.0,0.0,0.3069079532991861,0.0,0.0,0.015712553569072387,0.0,0.0,1.0
1.0,1.0,0.8776896388175035,0.0,0.0,0.015126992566498259,0.0,1.0,0.0
1.0,1.0,0.3204979934305746,0.0,0.0,0.014736618564782174,0.0,0.0,1.0
1.0,1.0,0.3069079532991861,0.125,0.0,0.027130993119267845,0.0,0.0,1.0
1.0,1.0,0.21177767237946654,0.0,0.0,0.015175789316712771,0.0,0.0,1.0
1.0,1.0,0.6058888361897333,0.0,0.0,0.013614293309848433,0.0,0.0,1.0
1.0,1.0,0.3981201275259929,0.0,0.0,0.014102260811993537,1.0,0.0,0.0
1.0,1.0,0.5243485954014022,0.0,0.2222222222222222,0.014110458666029575,1.0,0.0,0.0
1.0,1.0,0.22536771251085505,0.125,0.1111111111111111,0.014110458666029575,1.0,0.0,0.0
1.0,1.0,0.19818763224807803,0.125,0.1111111111111111,0.014110458666029575,1.0,0.0,0.0
1.0,1.0,0.6330689164525103,0.0,0.0,0.014151057562208049,0.0,0.0,1.0
1.0,0.0,0.06228723093419295,0.0,0.0,0.024349578357040744,0.0,0.0,1.0
1.0,1.0,0.544733655598485,0.0,0.0,0.029473237129564348,0.0,0.0,1.0
1.0,1.0,0.544733655598485,0.0,0.0,0.015126992566498259,0.0,1.0,0.0
1.0,1.0,0.3981201275259929,0.0,0.0,0.013760683560491965,0.0,0.0,1.0
1.0,0.0,0.3981201275259929,0.0,0.0,0.015126992566498259,0.0,1.0,0.0
1.0,1.0,0.3981201275259929,0.0,0.0,0.015126992566498259,0.0,1.0,0.0
1.0,1.0,0.3981201275259929,0.0,0.0,0.013565496559633922,0.0,1.0,0.0
1.0,1.0,0.34767807369335163,0.0,0.0,0.01537917417160685,0.0,1.0,0.0
1.0,1.0,0.3981201275259929,0.0,0.0,0.015126992566498259,0.0,1.0,0.0
1.0,0.0,0.116647391459747,0.25,0.2222222222222222,0.06709553154495196,0.0,0.0,1.0
1.0,1.0,0.3981201275259929,0.0,0.0,0.015712553569072387,0.0,0.0,1.0
1.0,1.0,0.23895775264224356,0.25,0.2222222222222222,0.06709553154495196,0.0,0.0,1.0
1.0,1.0,0.21177767237946654,0.125,0.3333333333333333,0.06709553154495196,0.0,0.0,1.0
1.0,0.0,0.6466589565838988,0.125,0.3333333333333333,0.06709553154495196,0.0,0.0,1.0
1.0,1.0,0.3981201275259929,0.0,0.0,0.015126992566498259,0.0,1.0,0.0
1.0,1.0,0.3981201275259929,0.0,0.0,0.014151057562208049,0.0,0.0,1.0
1.0,1.0,0.33408803356196315,0.0,0.0,0.015110792045427042,0.0,1.0,0.0
1.0,1.0,0.2933179131677976,0.0,0.0,0.015712553569072387,0.0,0.0,1.0
1.0,0.0,0.3981201275259929,0.0,0.0,0.015126992566498259,0.0,1.0,0.0
1.0,1.0,0.4428083546130712,0.125,0.1111111111111111,0.04006213192611313,0.0,0.0,1.0
1.0,0.0,0.41562827435029415,0.125,0.1111111111111111,0.04006213192611313,0.0,0.0,1.0
1.0,1.0,0.116647391459747,0.625,0.2222222222222222,0.09154270340242172,0.0,0.0,1.0
1.0,1.0,0.007927070408638917,0.625,0.2222222222222222,0.09154270340242172,0.0,0.0,1.0
1.0,1.0,0.143827471722524,0.625,0.2222222222222222,0.09154270340242172,0.0,0.0,1.0
1.0,0.0,0.21177767237946654,0.625,0.2222222222222222,0.09154270340242172,0.0,0.0,1.0
1.0,1.0,0.18459759211668952,0.625,0.2222222222222222,0.09154270340242172,0.0,0.0,1.0
1.0,1.0,0.5379386355327908,0.125,0.6666666666666666,0.09154270340242172,0.0,0.0,1.0
1.0,1.0,0.6874290769780643,0.0,0.0,0.015712553569072387,0.0,0.0,1.0
1.0,1.0,0.4292183144816827,0.0,0.0,0.016322512946753766,0.0,0.0,1.0
1.0,1.0,0.2661378329050206,0.0,0.0,0.019217721730481106,0.0,0.0,1.0
1.0,1.0,0.49716851513862526,0.25,0.0,0.015468569817999833,0.0,0.0,1.0
1.0,1.0,0.37485815395612865,0.25,0.0,0.015468569817999833,0.0,0.0,1.0
1.0,1.0,0.25254779277363204,0.0,0.0,0.015175789316712771,0.0,0.0,1.0
1.0,0.0,0.3204979934305746,0.0,0.0,0.01727404957593672,0.0,0.0,1.0
1.0,0.0,0.22536771251085505,0.0,0.0,0.015094396337354966,0.0,1.0,0.0
1.0,1.0,0.3981201275259929,0.125,0.0,0.03897240290032268,0.0,0.0,1.0
1.0,1.0,0.3981201275259929,0.125,0.0,0.03897240290032268,0.0,0.0,1.0
1.0,0.0,0.3204979934305746,0.125,0.0,0.030937139635999665,0.0,0.0,1.0
1.0,1.0,0.2661378329050206,0.0,0.0,0.018542765081513996,0.0,0.0,1.0
1.0,1.0,0.31370297336488034,0.0,0.0,0.014110458666029575,1.0,0.0,0.0
1.0,1.0,0.5515286756641793,0.25,0.0,0.027537567642055148,0.0,0.0,1.0
1.0,1.0,0.34767807369335163,0.125,0.0,0.015330377421392339,0.0,0.0,1.0
1.0,1.0,0.2797278730364091,0.0,0.0,0.015330377421392339,0.0,0.0,1.0
1.0,0.0,0.6058888361897333,0.125,0.0,0.027537567642055148,0.0,0.0,1.0
1.0,0.0,0.3981201275259929,0.0,0.0,0.014736618564782174,0.0,0.0,1.0
1.0,1.0,0.33408803356196315,0.0,0.0,0.014151057562208049,0.0,0.0,1.0
1.0,0.0,0.3981201275259929,0.0,0.0,0.015126992566498259,0.0,1.0,0.0
1.0,1.0,0.3981201275259929,0.0,0.0,0.11027245763075773,0.0,0.0,1.0
1.0,0.0,0.23895775264224356,0.0,0.0,0.013175122557917838,0.0,1.0,0.0
1.0,0.0,0.34767807369335163,0.0,0.0,0.015468569817999833,0.0,0.0,1.0
1.0,0.0,0.37485815395612865,0.0,0.0,0.015175789316712771,0.0,0.0,1.0
1.0,0.0,0.3981201275259929,0.0,0.0,0.015126992566498259,0.0,1.0,0.0
1.0,0.0,0.021517110540027425,0.0,0.1111111111111111,0.023983602730431916,0.0,0.0,1.0
1.0,0.0,0.2933179131677976,0.125,0.1111111111111111,0.023983602730431916,0.0,0.0,1.0
1.0,1.0,0.5787087559269563,0.0,0.0,0.012589561555343713,0.0,0.0,1.0
1.0,0.0,0.3612681138247401,0.0,0.0,0.015468569817999833,0.0,0.0,1.0
1.0,1.0,0.3981201275259929,0.0,0.0,0.015126992566498259,0.0,1.0,0.0
1.0,1.0,0.5651187157955678,0.0,0.0,0.014931805565640218,0.0,0.0,1.0
1.0,1.0,0.3981201275259929,0.0,0.0,0.015395374692678068,0.0,0.0,1.0
1.0,1.0,0.40203823421890567,0.0,0.0,0.014110458666029575,1.0,0.0,0.0
1.0,1.0,0.3981201275259929,0.0,0.0,0.015411575213749286,0.0,0.0,1.0
1.0,0.0,0.3612681138247401,0.125,0.0,0.015468569817999833,0.0,0.0,1.0
1.0,0.0,0.33408803356196315,0.125,0.0,0.015468569817999833,0.0,0.0,1.0
1.0,1.0,0.3981201275259929,0.0,0.0,0.015411575213749286,0.0,0.0,1.0
1.0,1.0,0.3884481940875172,0.0,0.0,0.015411575213749286,1.0,0.0,0.0
1.0,1.0,0.2797278730364091,0.0,0.0,0.015216388212891242,0.0,0.0,1.0
1.0,1.0,0.2661378329050206,0.0,0.0,0.015330377421392339,0.0,0.0,1.0
1.0,1.0,0.22536771251085505,0.125,0.0,0.013768881414528002,0.0,0.0,1.0
1.0,0.0,0.3981201275259929,0.0,0.0,0.015126992566498259,0.0,1.0,0.0
1.0,1.0,0.3981201275259929,0.0,0.0,0.015834545444608664,0.0,0.0,1.0
1.0,1.0,0.4563983947444597,0.0,0.0,0.012678957201736696,0.0,0.0,1.0
1.0,1.0,0.34767807369335163,0.0,0.0,0.015175789316712771,0.0,0.0,1.0
1.0,1.0,0.2933179131677976,0.0,0.0,0.015216388212891242,0.0,0.0,1.0
1.0,1.0,0.4428083546130712,0.0,0.0,0.016891873428256675,0.0,0.0,1.0
1.0,1.0,0.41562827435029415,0.0,0.0,0.015175789316712771,0.0,0.0,1.0
1.0,1.0,0.3884481940875172,0.0,0.0,0.015330377421392339,0.0,0.0,1.0
1.0,1.0,0.04869719080280444,0.125,0.1111111111111111,0.021730754366528396,0.0,0.0,1.0
1.0,1.0,0.6602489967152874,0.0,0.0,0.0,0.0,0.0,1.0
1.0,1.0,0.25254779277363204,0.0,0.0,0.0,0.0,0.0,1.0
1.0,0.0,0.3612681138247401,0.0,0.2222222222222222,0.021730754366528396,0.0,0.0,1.0
1.0,1.0,0.3981201275259929,0.125,0.2222222222222222,0.04577135170121086,0.0,0.0,1.0
1.0,0.0,0.3981201275259929,0.125,0.2222222222222222,0.04577135170121086,0.0,0.0,1.0
1.0,1.0,0.3981201275259929,0.125,0.2222222222222222,0.04577135170121086,0.0,0.0,1.0
1.0,1.0,0.3069079532991861,0.0,0.0,0.015411575213749286,0.0,0.0,1.0
1.0,1.0,0.4292183144816827,0.0,0.0,0.015330377421392339,0.0,0.0,1.0
1.0,1.0,0.3612681138247401,0.0,0.0,0.015330377421392339,0.0,0.0,1.0
1.0,0.0,0.2661378329050206,0.125,0.0,0.019177122834302632,0.0,0.0,1.0
1.0,0.0,0.2797278730364091,0.125,0.0,0.019177122834302632,0.0,0.0,1.0
1.0,1.0,0.4292183144816827,0.0,0.0,0.015468569817999833,0.0,0.0,1.0
1.0,1.0,0.2797278730364091,0.0,0.0,0.015216388212891242,0.0,0.0,1.0
1.0,1.0,0.2933179131677976,0.0,0.0,0.014679623960531627,0.0,0.0,1.0
1.0,0.0,0.04869719080280444,0.0,0.1111111111111111,0.026187654344120927,1.0,0.0,0.0
1.0,1.0,0.5243485954014022,0.0,0.1111111111111111,0.026187654344120927,1.0,0.0,0.0
1.0,1.0,0.3981201275259929,0.0,0.0,0.015126992566498259,0.0,1.0,0.0
1.0,1.0,0.3981201275259929,0.0,0.0,0.014151057562208049,0.0,0.0,1.0
1.0,0.0,0.3981201275259929,0.0,0.0,0.015126992566498259,0.0,1.0,0.0
1.0,1.0,0.5922987960583448,0.0,0.0,0.015712553569072387,0.0,0.0,1.0
1.0,1.0,0.3981201275259929,0.0,0.0,0.015126992566498259,0.0,1.0,0.0
1.0,1.0,0.3981201275259929,0.125,0.0,0.028212719478023115,1.0,0.0,0.0
1.0,0.0,0.3981201275259929,0.125,0.0,0.028212719478023115,1.0,0.0,0.0
1.0,1.0,0.3981201275259929,0.125,0.0,0.015126992566498259,0.0,1.0,0.0
1.0,1.0,0.3981201275259929,0.125,0.0,0.015126992566498259,0.0,1.0,0.0
1.0,1.0,0.3981201275259929,0.0,0.0,0.015102594191391004,0.0,1.0,0.0
1.0,0.0,0.2933179131677976,0.25,0.0,0.016908073949327893,0.0,0.0,1.0
1.0,0.0,0.04869719080280444,0.0,0.2222222222222222,0.04298993693898376,0.0,0.0,1.0
1.0,1.0,0.3884481940875172,0.375,0.1111111111111111,0.04298993693898376,0.0,0.0,1.0
1.0,1.0,0.23895775264224356,0.125,0.1111111111111111,0.015330377421392339,0.0,0.0,1.0
1.0,0.0,0.4835784750072367,0.0,0.2222222222222222,0.023780217875537836,0.0,0.0,1.0
1.0,1.0,0.3981201275259929,0.0,0.0,0.015411575213749286,1.0,0.0,0.0
1.0,1.0,0.33408803356196315,0.0,0.0,0.014110458666029575,1.0,0.0,0.0
1.0,1.0,0.3981201275259929,0.0,0.0,0.014102260811993537,1.0,0.0,0.0
1.0,0.0,0.49716851513862526,0.0,0.0,0.018713553707264782,0.0,0.0,1.0
1.0,1.0,0.3981201275259929,0.0,0.0,0.015411575213749286,0.0,0.0,1.0
1.0,1.0,0.3981201275259929,0.0,0.0,0.11027245763075773,0.0,0.0,1.0
1.0,1.0,0.3981201275259929,0.0,0.0,0.11027245763075773,0.0,0.0,1.0
1.0,0.0,0.2933179131677976,0.0,0.0,0.014151057562208049,0.0,0.0,1.0
1.0,1.0,0.3981201275259929,0.0,0.0,0.015126992566498259,0.0,1.0,0.0
1.0,1.0,0.34767807369335163,0.0,0.0,0.11027245763075773,0.0,0.0,1.0
1.0,1.0,0.3884481940875172,0.0,0.0,0.018510168852370702,0.0,0.0,1.0
1.0,1.0,0.3884481940875172,0.0,0.0,0.015175789316712771,0.0,0.0,1.0
1.0,1.0,0.2933179131677976,0.0,0.0,0.014102260811993537,1.0,0.0,0.0
1.0,1.0,0.3981201275259929,0.375,0.1111111111111111,0.049707687947515,0.0,0.0,1.0
1.0,0.0,0.3981201275259929,0.375,0.1111111111111111,0.049707687947515,0.0,0.0,1.0
1.0,0.0,0.3981201275259929,0.375,0.1111111111111111,0.049707687947515,0.0,0.0,1.0
1.0,0.0,0.3981201275259929,0.0,0.4444444444444444,0.049707687947515,0.0,0.0,1.0
1.0,1.0,0.4292183144816827,0.0,0.0,0.015468569817999833,0.0,0.0,1.0
1.0,1.0,0.46319341481015397,0.0,0.0,0.012565163180236457,1.0,0.0,0.0
1.0,0.0,0.3981201275259929,0.125,0.0,0.030253985132996517,0.0,1.0,0.0
1.0,1.0,0.3981201275259929,0.125,0.0,0.030253985132996517,0.0,1.0,0.0
1.0,1.0,0.4835784750072367,0.0,0.0,0.0,0.0,0.0,1.0
1.0,1.0,0.5243485954014022,0.0,0.0,0.04713766070721715,0.0,0.0,1.0
1.0,1.0,0.3204979934305746,0.0,0.0,0.018542765081513996,0.0,0.0,1.0
1.0,0.0,0.33408803356196315,0.0,0.0,0.015175789316712771,0.0,0.0,1.0
1.0,0.0,0.6058888361897333,0.0,0.0,0.015126992566498259,0.0,0.0,1.0
1.0,1.0,0.4835784750072367,0.125,0.0,0.030351578633425542,0.0,0.0,1.0
1.0,0.0,0.40203823421890567,0.125,0.0,0.030351578633425542,0.0,0.0,1.0
1.0,1.0,0.2661378329050206,0.125,0.0,0.015468569817999833,0.0,0.0,1.0
1.0,1.0,0.3981201275259929,0.0,0.0,0.01537917417160685,0.0,1.0,0.0
1.0,1.0,0.3981201275259929,0.0,0.0,0.014736618564782174,0.0,0.0,1.0
1.0,1.0,0.40203823421890567,0.125,0.0,0.031425107138144774,0.0,0.0,1.0
1.0,0.0,0.34767807369335163,0.125,0.0,0.031425107138144774,0.0,0.0,1.0
1.0,1.0,0.3981201275259929,0.0,0.0,0.01537917417160685,0.0,0.0,1.0
1.0,1.0,0.27293285297071485,0.0,0.0,0.014151057562208049,0.0,0.0,1.0
1.0,1.0,0.3612681138247401,0.0,0.0,0.016908073949327893,0.0,0.0,1.0
1.0,1.0,0.6874290769780643,0.0,0.0,0.013768881414528002,0.0,0.0,1.0
1.0,0.0,0.3069079532991861,0.0,0.0,0.015330377421392339,0.0,0.0,1.0
1.0,1.0,0.4292183144816827,0.0,0.0,0.014793613169032724,0.0,0.0,1.0
1.0,1.0,0.3981201275259929,0.0,0.0,0.015411575213749286,0.0,0.0,1.0
1.0,1.0,0.3981201275259929,0.0,0.0,0.014736618564782174,0.0,0.0,1.0
1.0,1.0,0.3204979934305746,0.0,0.0,0.01393967004027879,0.0,0.0,1.0
1.0,0.0,0.3981201275259929,0.0,0.0,0.01537917417160685,0.0,1.0,0.0
1.0,1.0,0.3981201275259929,0.0,0.0,0.015126992566498259,0.0,1.0,0.0
1.0,1.0,0.3981201275259929,0.0,0.0,0.015712553569072387,0.0,0.0,1.0
1.0,1.0,0.3884481940875172,0.0,0.0,0.015468569817999833,0.0,0.0,1.0
1.0,1.0,0.3981201275259929,0.0,0.0,0.014110458666029575,1.0,0.0,0.0
1.0,0.0,0.40883325428459993,0.0,0.0,0.015126992566498259,0.0,1.0,0.0
1.0,0.0,0.3981201275259929,0.0,0.0,0.015102594191391004,0.0,1.0,0.0
1.0,1.0,0.3981201275259929,0.0,0.0,0.014110458666029575,1.0,0.0,0.0
1.0,1.0,0.4699884348758482,0.0,0.0,0.015411575213749286,1.0,0.0,0.0
1.0,1.0,0.4428083546130712,0.0,0.0,0.015411575213749286,0.0,0.0,1.0
1.0,0.0,0.3981201275259929,0.0,0.0,0.014102260811993537,1.0,0.0,0.0
1.0,1.0,0.3981201275259929,0.0,0.0,0.015411575213749286,1.0,0.0,0.0
1.0,0.0,0.3981201275259929,0.0,0.0,0.015126992566498259,0.0,1.0,0.0
1.0,1.0,0.3981201275259929,0.0,0.0,0.015126992566498259,0.0,1.0,0.0
1.0,0.0,0.3981201275259929,0.25,0.0,0.04538097769949478,0.0,1.0,0.0
1.0,1.0,0.3981201275259929,0.25,0.0,0.04538097769949478,0.0,1.0,0.0
1.0,0.0,0.3981201275259929,0.0,0.0,0.015200187691820024,0.0,1.0,0.0
1.0,1.0,0.3981201275259929,0.0,0.0,0.030253985132996517,0.0,1.0,0.0
1.0,0.0,0.19818763224807803,0.0,0.0,0.015671954672893913,0.0,1.0,0.0
1.0,0.0,0.4699884348758482,0.0,0.0,0.015126992566498259,0.0,1.0,0.0
1.0,1.0,0.3981201275259929,0.0,0.0,0.015126992566498259,0.0,1.0,0.0
1.0,0.0,0.25254779277363204,0.125,0.0,0.031425107138144774,0.0,0.0,1.0
1.0,0.0,0.3981201275259929,0.0,0.0,0.015126992566498259,0.0,1.0,0.0
1.0,0.0,0.3981201275259929,0.0,0.0,0.015712553569072387,0.0,0.0,1.0
1.0,1.0,0.7485842575693127,0.0,0.0,0.015712553569072387,0.0,0.0,1.0
1.0,1.0,0.3981201275259929,0.0,0.0,0.015126992566498259,0.0,1.0,0.0
1.0,1.0,0.2797278730364091,0.0,0.0,0.015175789316712771,0.0,0.0,1.0
1.0,1.0,0.3204979934305746,0.0,0.0,0.015411575213749286,0.0,0.0,1.0
1.0,1.0,0.2797278730364091,0.0,0.0,0.015411575213749286,0.0,0.0,1.0
1.0,1.0,0.37485815395612865,0.0,0.0,0.015411575213749286,0.0,0.0,1.0
1.0,1.0,0.3981201275259929,0.0,0.0,0.015411575213749286,0.0,0.0,1.0
1.0,0.0,0.3981201275259929,0.0,0.0,0.01537917417160685,0.0,1.0,0.0
1.0,1.0,0.33408803356196315,0.0,0.0,0.014931805565640218,0.0,0.0,1.0
1.0,1.0,0.07587727106558147,0.0,0.1111111111111111,0.024349578357040744,0.0,0.0,1.0
1.0,0.0,0.3612681138247401,0.0,0.1111111111111111,0.024349578357040744,0.0,0.0,1.0
1.0,1.0,0.3981201275259929,0.0,0.0,0.015712553569072387,0.0,0.0,1.0
1.0,0.0,0.3981201275259929,0.125,0.0,0.04713766070721715,0.0,1.0,0.0
1.0,1.0,0.3981201275259929,0.125,0.0,0.04713766070721715,0.0,1.0,0.0
1.0,1.0,0.3981201275259929,0.0,0.0,0.01650950209357577,0.0,1.0,0.0
1.0,1.0,0.4563983947444597,0.0,0.0,0.015712553569072387,0.0,0.0,1.0
1.0,1.0,0.3981201275259929,0.0,0.0,0.015126992566498259,0.0,1.0,0.0
1.0,1.0,0.3981201275259929,0.0,0.0,0.015175789316712771,0.0,0.0,1.0
1.0,1.0,0.3981201275259929,0.125,0.1111111111111111,0.029757819776815374,1.0,0.0,0.0
1.0,0.0,0.3981201275259929,0.0,0.2222222222222222,0.029757819776815374,1.0,0.0,0.0
1.0,1.0,0.3981201275259929,0.0,0.0,0.015712553569072387,0.0,0.0,1.0
1.0,0.0,0.3981201275259929,0.0,0.0,0.015094396337354966,0.0,1.0,0.0
1.0,0.0,0.3204979934305746,0.0,0.0,0.015126992566498259,0.0,1.0,0.0
1.0,1.0,0.3981201275259929,0.0,0.0,0.015712553569072387,0.0,0.0,1.0
1.0,0.0,0.3981201275259929,0.125,0.0,0.030253985132996517,0.0,1.0,0.0
1.0,0.0,0.3981201275259929,0.125,0.0,0.030253985132996517,0.0,1.0,0.0
1.0,0.0,0.3981201275259929,0.0,0.0,0.030253985132996517,0.0,1.0,0.0
1.0,1.0,0.23895775264224356,0.0,0.0,0.015126992566498259,0.0,0.0,1.0
1.0,1.0,0.2933179131677976,0.0,0.0,0.015411575213749286,0.0,0.0,1.0
1.0,0.0,0.19818763224807803,0.0,0.0,0.014102260811993537,1.0,0.0,0.0
1.0,0.0,0.007927070408638917,0.0,0.2222222222222222,0.030725752114070404,1.0,0.0,0.0
1.0,0.0,0.25254779277363204,0.125,0.1111111111111111,0.030725752114070404,1.0,0.0,0.0
1.0,1.0,0.4428083546130712,0.0,0.0,0.015712553569072387,0.0,0.0,1.0
1.0,1.0,0.3981201275259929,0.0,0.0,0.015411575213749286,0.0,0.0,1.0
1.0,0.0,0.3981201275259929,0.0,0.0,0.015126992566498259,0.0,1.0,0.0
1.0,1.0,0.1574175118539125,0.125,0.0,0.021942337075458514,1.0,0.0,0.0
1.0,0.0,0.18459759211668952,0.125,0.0,0.021942337075458514,1.0,0.0,0.0
1.0,0.0,0.3884481940875172,0.0,0.0,0.015468569817999833,0.0,0.0,1.0
1.0,0.0,0.23895775264224356,0.0,0.0,0.015175789316712771,0.0,0.0,1.0
1.0,1.0,0.2797278730364091,0.0,0.0,0.015330377421392339,0.0,0.0,1.0
1.0,1.0,0.5515286756641793,0.0,0.0,0.013907073811135496,0.0,0.0,1.0
1.0,1.0,0.5243485954014022,0.0,0.0,0.015468569817999833,0.0,0.0,1.0
1.0,0.0,0.2933179131677976,0.0,0.0,0.015126992566498259,0.0,0.0,1.0
1.0,1.0,0.8233294782919495,0.0,0.0,0.012174789178520372,0.0,0.0,1.0
1.0,1.0,0.3981201275259929,0.125,0.0,0.030253985132996517,0.0,1.0,0.0
1.0,1.0,0.3981201275259929,0.0,0.0,0.015281580671177828,0.0,1.0,0.0
1.0,1.0,0.3981201275259929,0.0,0.0,0.015126992566498259,0.0,1.0,0.0
1.0,1.0,0.3069079532991861,0.0,0.0,0.01800600082915438,0.0,0.0,1.0
1.0,0.0,0.3981201275259929,0.0,0.0,0.015126992566498259,0.0,1.0,0.0
1.0,0.0,0.3981201275259929,0.0,0.0,0.015126992566498259,0.0,1.0,0.0
1.0,0.0,0.3981201275259929,0.0,0.0,0.01537917417160685,0.0,1.0,0.0
1.0,0.0,0.2933179131677976,0.0,0.0,0.015175789316712771,0.0,0.0,1.0
1.0,0.0,0.3981201275259929,0.0,0.0,0.015281580671177828,0.0,1.0,0.0
1.0,1.0,0.5651187157955678,0.0,0.1111111111111111,0.01640390592611157,0.0,0.0,1.0
1.0,0.0,0.41562827435029415,0.0,0.0,0.015330377421392339,0.0,0.0,1.0
1.0,1.0,0.37485815395612865,0.0,0.0,0.015330377421392339,0.0,0.0,1.0
1.0,1.0,0.4292183144816827,0.0,0.0,0.015175789316712771,0.0,0.0,1.0
1.0,1.0,0.2661378329050206,0.0,0.0,0.01800600082915438,0.0,0.0,1.0
1.0,0.0,0.3069079532991861,0.0,0.0,0.016908073949327893,0.0,0.0,1.0
1.0,1.0,0.2661378329050206,0.0,0.0,0.016908073949327893,0.0,0.0,1.0
1.0,1.0,0.21177767237946654,0.0,0.0,0.01798980030808316,0.0,0.0,1.0
1.0,1.0,0.021517110540027425,0.375,0.1111111111111111,0.04113566043083236,0.0,0.0,1.0
1.0,1.0,0.07587727106558147,0.375,0.1111111111111111,0.04113566043083236,0.0,0.0,1.0
1.0,0.0,0.03510715067141593,0.375,0.1111111111111111,0.04113566043083236,0.0,0.0,1.0
1.0,0.0,0.10305735132835848,0.375,0.1111111111111111,0.04113566043083236,0.0,0.0,1.0
1.0,0.0,0.3884481940875172,0.0,0.4444444444444444,0.04113566043083236,0.0,0.0,1.0
1.0,1.0,0.007927070408638917,0.5,0.1111111111111111,0.07746484096553544,0.0,0.0,1.0
1.0,1.0,0.08946731119696998,0.5,0.1111111111111111,0.07746484096553544,0.0,0.0,1.0
1.0,1.0,0.021517110540027425,0.5,0.1111111111111111,0.07746484096553544,0.0,0.0,1.0
1.0,1.0,0.18459759211668952,0.5,0.1111111111111111,0.07746484096553544,0.0,0.0,1.0
1.0,0.0,0.5515286756641793,0.0,0.5555555555555556,0.07746484096553544,0.0,0.0,1.0
1.0,1.0,0.2797278730364091,0.0,0.0,0.016908073949327893,0.0,0.0,1.0
1.0,1.0,0.25254779277363204,0.0,0.0,0.028302115124416098,0.0,0.0,1.0
1.0,1.0,0.3981201275259929,0.0,0.0,0.017005667449756914,1.0,0.0,0.0
1.0,0.0,0.34767807369335163,0.0,0.2222222222222222,0.026887009368195294,0.0,0.0,1.0
1.0,1.0,0.3981201275259929,0.0,0.0,0.013663090060062943,0.0,0.0,1.0
1.0,1.0,0.3981201275259929,0.0,0.0,0.015175789316712771,0.0,0.0,1.0
1.0,1.0,0.2797278730364091,0.0,0.0,0.015468569817999833,0.0,0.0,1.0
1.0,1.0,0.33408803356196315,0.0,0.0,0.015468569817999833,0.0,0.0,1.0
1.0,1.0,0.2933179131677976,0.0,0.0,0.014151057562208049,0.0,0.0,1.0
1.0,1.0,0.33408803356196315,0.125,0.0,0.015175789316712771,0.0,0.0,1.0
1.0,1.0,0.3981201275259929,0.125,0.1111111111111111,0.04364049521284362,1.0,0.0,0.0
1.0,0.0,0.3981201275259929,0.0,0.2222222222222222,0.04364049521284362,1.0,0.0,0.0
1.0,0.0,0.3981201275259929,0.0,0.0,0.01588334219482317,0.0,1.0,0.0
1.0,1.0,0.3204979934305746,0.0,0.0,0.015712553569072387,0.0,0.0,1.0
1.0,0.0,0.37485815395612865,0.0,0.0,0.015411575213749286,0.0,0.0,1.0
1.0,1.0,0.25254779277363204,0.0,0.0,0.015411575213749286,0.0,0.0,1.0
1.0,1.0,0.3981201275259929,0.0,0.0,0.015411575213749286,0.0,0.0,1.0
1.0,0.0,0.23895775264224356,0.0,0.0,0.015175789316712771,0.0,0.0,1.0
1.0,1.0,0.4292183144816827,0.0,0.0,0.015712553569072387,0.0,0.0,1.0
1.0,1.0,0.3981201275259929,0.0,0.0,0.015411575213749286,0.0,0.0,1.0
1.0,1.0,0.3204979934305746,0.0,0.0,0.016908073949327893,0.0,0.0,1.0
1.0,1.0,0.3981201275259929,0.0,0.0,0.015411575213749286,0.0,0.0,1.0
1.0,0.0,0.3981201275259929,0.0,0.0,0.015834545444608664,0.0,0.0,1.0
1.0,1.0,0.3981201275259929,0.0,0.0,0.014151057562208049,0.0,0.0,1.0
1.0,1.0,0.5107585552700137,0.0,0.0,0.015411575213749286,0.0,0.0,1.0
1.0,1.0,0.2797278730364091,0.0,0.0,0.015712553569072387,0.0,0.0,1.0
1.0,1.0,0.04869719080280444,0.5,0.1111111111111111,0.05684821399990475,0.0,1.0,0.0
1.0,1.0,0.08946731119696998,0.5,0.1111111111111111,0.05684821399990475,0.0,1.0,0.0
1.0,1.0,0.10305735132835848,0.5,0.1111111111111111,0.05684821399990475,0.0,1.0,0.0
1.0,0.0,0.5243485954014022,0.0,0.5555555555555556,0.05684821399990475,0.0,1.0,0.0
1.0,0.0,0.2933179131677976,0.0,0.0,0.07746484096553544,0.0,0.0,1.0
1.0,1.0,0.4699884348758482,0.0,0.0,0.013907073811135496,0.0,0.0,1.0
1.0,0.0,0.3981201275259929,0.0,0.0,0.01506999796224771,0.0,1.0,0.0
1.0,1.0,0.3981201275259929,0.0,0.0,0.028302115124416098,0.0,0.0,1.0
1.0,0.0,0.3981201275259929,0.0,0.0,0.028302115124416098,0.0,0.0,1.0
1.0,1.0,0.6738390368466759,0.125,0.0,0.028302115124416098,0.0,0.0,1.0
1.0,0.0,0.021517110540027425,0.125,0.1111111111111111,0.039452172548431745,0.0,0.0,1.0
1.0,1.0,0.23895775264224356,0.125,0.1111111111111111,0.039452172548431745,0.0,0.0,1.0
1.0,0.0,0.5515286756641793,0.0,0.2222222222222222,0.039452172548431745,0.0,0.0,1.0
1.0,0.0,0.3981201275259929,0.0,0.0,0.015712553569072387,0.0,0.0,1.0
1.0,1.0,0.6738390368466759,0.0,0.0,0.015712553569072387,0.0,0.0,1.0
1.0,1.0,0.21177767237946654,0.0,0.0,0.015712553569072387,0.0,0.0,1.0
1.0,1.0,0.3981201275259929,0.0,0.0,0.015126992566498259,0.0,1.0,0.0
1.0,1.0,0.3981201275259929,0.0,0.0,0.04713766070721715,0.0,1.0,0.0
1.0,1.0,0.33408803356196315,0.0,0.0,0.014102260811993537,1.0,0.0,0.0
1.0,1.0,0.3981201275259929,0.0,0.0,0.014785415314996686,0.0,0.0,1.0
1.0,1.0,0.3981201275259929,1.0,0.2222222222222222,0.13575255909676825,0.0,0.0,1.0
1.0,1.0,0.1913926121823838,1.0,0.2222222222222222,0.13575255909676825,0.0,0.0,1.0
1.0,0.0,0.3981201275259929,1.0,0.2222222222222222,0.13575255909676825,0.0,0.0,1.0
1.0,0.0,0.3981201275259929,1.0,0.2222222222222222,0.13575255909676825,0.0,0.0,1.0
1.0,0.0,0.3981201275259929,1.0,0.2222222222222222,0.13575255909676825,0.0,0.0,1.0
1.0,1.0,0.3981201275259929,1.0,0.2222222222222222,0.13575255909676825,0.0,0.0,1.0
1.0,1.0,0.3981201275259929,1.0,0.2222222222222222,0.13575255909676825,0.0,0.0,1.0
1.0,1.0,0.3981201275259929,1.0,0.2222222222222222,0.13575255909676825,0.0,0.0,1.0
1.0,1.0,0.3981201275259929,0.125,1.0,0.13575255909676825,0.0,0.0,1.0
1.0,0.0,0.3981201275259929,0.125,1.0,0.13575255909676825,0.0,0.0,1.0
1.0,1.0,0.3204979934305746,0.0,0.0,0.01820118783001242,0.0,0.0,1.0
1.0,0.0,0.2797278730364091,0.0,0.0,0.014931805565640218,0.0,0.0,1.0
1.0,1.0,0.3981201275259929,0.25,0.0,0.04231498029001666,1.0,0.0,0.0
1.0,1.0,0.3981201275259929,0.25,0.0,0.04231498029001666,1.0,0.0,0.0
1.0,0.0,0.007927070408638917,0.125,0.1111111111111111,0.03259622914329302,0.0,0.0,1.0
1.0,0.0,0.04869719080280444,0.125,0.1111111111111111,0.03259622914329302,0.0,0.0,1.0
1.0,1.0,0.33408803356196315,0.0,0.0,0.018542765081513996,0.0,0.0,1.0
1.0,1.0,0.2661378329050206,0.0,0.0,0.015712553569072387,0.0,0.0,1.0
1.0,1.0,0.3272930134962689,0.0,0.0,0.015712553569072387,0.0,0.0,1.0
1.0,1.0,0.3981201275259929,0.0,0.0,0.015411575213749286,0.0,0.0,1.0
1.0,1.0,0.3981201275259929,0.0,0.0,0.015126992566498259,0.0,1.0,0.0
1.0,1.0,0.3884481940875172,0.0,0.0,0.018542765081513996,0.0,0.0,1.0
1.0,0.0,0.3981201275259929,0.0,0.0,0.015183987170748809,0.0,1.0,0.0
1.0,1.0,0.3981201275259929,0.0,0.0,0.015712553569072387,0.0,0.0,1.0
1.0,1.0,0.3981201275259929,0.0,0.0,0.015712553569072387,0.0,0.0,1.0
1.0,1.0,0.2933179131677976,0.0,0.0,0.014110458666029575,1.0,0.0,0.0
1.0,1.0,0.5379386355327908,0.0,0.0,0.015411575213749286,0.0,0.0,1.0
1.0,1.0,0.2797278730364091,0.0,0.0,0.015468569817999833,0.0,0.0,1.0
1.0,0.0,0.23895775264224356,0.0,0.0,0.014630827210317117,0.0,0.0,1.0
1.0,1.0,0.04869719080280444,0.375,0.2222222222222222,0.05445717323939373,0.0,0.0,1.0
1.0,1.0,0.1302374315911355,0.375,0.2222222222222222,0.05445717323939373,0.0,0.0,1.0
1.0,0.0,0.116647391459747,0.375,0.2222222222222222,0.05445717323939373,0.0,0.0,1.0
1.0,0.0,0.021517110540027425,0.375,0.2222222222222222,0.05445717323939373,0.0,0.0,1.0
1.0,1.0,0.5379386355327908,0.125,0.4444444444444444,0.05445717323939373,0.0,0.0,1.0
1.0,0.0,0.6058888361897333,0.125,0.4444444444444444,0.05445717323939373,0.0,0.0,1.0
1.0,1.0,0.3981201275259929,0.0,0.0,0.015411575213749286,0.0,0.0,1.0
1.0,1.0,0.3981201275259929,0.0,0.0,0.015712553569072387,0.0,0.0,1.0
1.0,1.0,0.3981201275259929,0.0,0.0,0.015126992566498259,0.0,1.0,0.0
1.0,1.0,0.25254779277363204,0.0,0.0,0.014931805565640218,0.0,0.0,1.0
1.0,1.0,0.40203823421890567,0.0,0.0,0.015712553569072387,0.0,0.0,1.0
1.0,1.0,0.3981201275259929,0.0,0.0,0.015712553569072387,0.0,0.0,1.0
1.0,1.0,0.4292183144816827,0.0,0.0,0.015712553569072387,0.0,0.0,1.0
1.0,1.0,0.3981201275259929,0.0,0.0,0.015411575213749286,0.0,0.0,1.0
1.0,1.0,0.4428083546130712,0.0,0.0,0.016908073949327893,1.0,0.0,0.0
1.0,0.0,0.3069079532991861,0.0,0.0,0.014736618564782174,0.0,0.0,1.0
1.0,1.0,0.2797278730364091,0.0,0.0,0.015712553569072387,0.0,0.0,1.0
1.0,1.0,0.8165344582262551,0.0,0.0,0.06722140410841049,0.0,0.0,1.0
1.0,1.0,0.25254779277363204,0.0,0.0,0.015411575213749286,0.0,0.0,1.0
1.0,0.0,0.2933179131677976,0.0,0.0,0.019201521209409888,0.0,0.0,1.0
1.0,1.0,0.41562827435029415,0.0,0.0,0.015468569817999833,0.0,0.0,1.0
1.0,0.0,0.021517110540027425,0.0,0.1111111111111111,0.02042143996477265,0.0,0.0,1.0
1.0,0.0,0.3884481940875172,0.125,0.1111111111111111,0.02042143996477265,0.0,0.0,1.0
1.0,1.0,0.5922987960583448,0.0,0.0,0.015468569817999833,0.0,0.0,1.0
1.0,1.0,1.0000000000000002,0.0,0.0,0.015175789316712771,0.0,0.0,1.0
1.0,1.0,0.18459759211668952,0.0,0.0,0.01800600082915438,0.0,0.0,1.0
1.0,1.0,0.0,0.0,0.1111111111111111,0.016623491302076868,1.0,0.0,0.0
1.0,1.0,0.3981201275259929,0.125,0.0,0.012565163180236457,1.0,0.0,0.0
1.0,1.0,0.3981201275259929,0.0,0.0,0.012565163180236457,1.0,0.0,0.0
1.0,1.0,0.3981201275259929,0.0,0.0,0.014102260811993537,1.0,0.0,0.0
1.0,0.0,0.21177767237946654,0.125,0.1111111111111111,0.016623491302076868,1.0,0.0,0.0
1.0,1.0,0.3981201275259929,0.0,0.0,0.015712553569072387,0.0,0.0,1.0
1.0,1.0,0.3981201275259929,0.125,0.0,0.031425107138144774,0.0,0.0,1.0
1.0,0.0,0.3981201275259929,0.125,0.0,0.031425107138144774,0.0,0.0,1.0
1.0,1.0,0.4292183144816827,0.0,0.0,0.015468569817999833,0.0,0.0,1.0
1.0,1.0,0.3981201275259929,0.0,0.0,0.015126992566498259,0.0,1.0,0.0
1.0,1.0,0.5922987960583448,0.0,0.0,0.015712553569072387,0.0,0.0,1.0
1.0,1.0,0.33408803356196315,0.0,0.0,0.0,0.0,0.0,1.0
1.0,1.0,0.3981201275259929,0.0,0.0,0.014110458666029575,1.0,0.0,0.0
1.0,1.0,0.08946731119696998,0.125,0.1111111111111111,0.029757819776815374,1.0,0.0,0.0
1.0,0.0,0.116647391459747,0.125,0.1111111111111111,0.029757819776815374,1.0,0.0,0.0
1.0,0.0,0.3884481940875172,0.0,0.2222222222222222,0.029757819776815374,1.0,0.0,0.0
1.0,1.0,0.4835784750072367,0.0,0.0,0.015411575213749286,0.0,0.0,1.0
1.0,0.0,0.8505095585547264,0.0,0.0,0.018713553707264782,0.0,0.0,1.0
1.0,1.0,0.15062249178821824,0.125,0.1111111111111111,0.028302115124416098,0.0,0.0,1.0
1.0,1.0,0.544733655598485,0.0,0.2222222222222222,0.028302115124416098,0.0,0.0,1.0
1.0,0.0,0.1302374315911355,0.0,0.2222222222222222,0.04713766070721715,0.0,0.0,1.0
1.0,1.0,0.4835784750072367,0.125,0.1111111111111111,0.04713766070721715,0.0,0.0,1.0
1.0,0.0,0.40203823421890567,0.125,0.1111111111111111,0.04713766070721715,0.0,0.0,1.0
1.0,1.0,0.4428083546130712,0.0,0.0,0.018542765081513996,0.0,0.0,1.0
1.0,1.0,0.37485815395612865,0.0,0.0,0.018542765081513996,0.0,0.0,1.0
1.0,1.0,0.37485815395612865,0.0,0.0,0.018542765081513996,0.0,0.0,1.0
1.0,0.0,0.23895775264224356,0.25,0.0,0.03513366015444757,0.0,0.0,1.0
1.0,1.0,0.41562827435029415,0.375,0.0,0.03513366015444757,0.0,0.0,1.0
1.0,1.0,0.21177767237946654,0.25,0.0,0.03513366015444757,0.0,0.0,1.0
1.0,0.0,0.41562827435029415,0.125,0.0,0.03513366015444757,0.0,0.0,1.0
1.0,1.0,0.2933179131677976,0.0,0.0,0.014102260811993537,1.0,0.0,0.0
1.0,1.0,0.2933179131677976,0.0,0.0,0.015411575213749286,0.0,0.0,1.0
1.0,1.0,0.2933179131677976,0.0,0.0,0.017566830077223785,0.0,0.0,1.0
1.0,1.0,0.3981201275259929,0.0,0.0,0.015712553569072387,0.0,0.0,1.0
1.0,1.0,0.3981201275259929,0.0,0.0,0.014736618564782174,0.0,0.0,1.0
1.0,1.0,0.3981201275259929,0.0,0.0,0.015712553569072387,0.0,0.0,1.0
1.0,1.0,0.43601333454737695,0.0,0.0,0.018542765081513996,0.0,0.0,1.0
1.0,1.0,0.6874290769780643,0.0,0.0,0.015126992566498259,0.0,0.0,1.0
1.0,1.0,0.2797278730364091,0.125,0.0,0.012678957201736696,0.0,0.0,1.0
1.0,0.0,0.6330689164525103,0.125,0.0,0.013663090060062943,0.0,0.0,1.0
1.0,1.0,0.3981201275259929,0.0,0.0,0.017005667449756914,0.0,0.0,1.0
1.0,1.0,0.3981201275259929,0.0,0.0,0.015712553569072387,0.0,0.0,1.0
1.0,1.0,0.3816531740218229,0.0,0.0,0.031425107138144774,0.0,0.0,1.0
1.0,1.0,0.2797278730364091,0.0,0.0,0.014151057562208049,0.0,0.0,1.0
1.0,1.0,0.3981201275259929,0.0,0.0,0.014151057562208049,0.0,0.0,1.0
1.0,1.0,0.3612681138247401,0.125,0.0,0.028212719478023115,1.0,0.0,0.0
1.0,0.0,0.19818763224807803,0.125,0.0,0.028212719478023115,1.0,0.0,0.0
1.0,1.0,0.6126838562554275,0.0,0.0,0.014102260811993537,1.0,0.0,0.0
1.0,1.0,0.3981201275259929,0.0,0.0,0.028220722145058292,1.0,0.0,0.0
1.0,0.0,0.1913926121823838,0.125,0.0,0.028212719478023115,1.0,0.0,0.0
1.0,1.0,0.3544730937590459,0.0,0.0,0.014102260811993537,1.0,0.0,0.0
1.0,1.0,0.3612681138247401,0.0,0.0,0.014102260811993537,1.0,0.0,0.0
1.0,1.0,0.3884481940875172,0.0,0.0,0.015370976317570811,0.0,0.0,1.0
